n,seconds
1,0.000
2,0.026
3,0.143
4,0.236
5,0.314
6,0.340
7,0.405
8,0.432
9,0.529
10,0.571
11,0.662
12,0.692
13,0.708
14,0.724
15,0.777
16,0.804
17,0.858
18,0.885
19,0.902
20,1.007
21,1.094
22,1.120
23,1.194
24,1.235
25,1.261
26,1.353
27,1.434
28,1.458
29,1.524
30,1.554
31,1.620
32,1.688
33,1.705
34,1.724
35,1.741
36,1.794
37,1.841
38,1.935
39,1.991
40,2.010
41,2.028
42,2.045
43,2.063
44,2.080
45,2.099
46,2.117
47,2.137
48,2.158
49,2.178
50,2.198
51,2.221
52,2.242
53,2.262
54,2.283
55,2.352
56,2.463
57,2.515
58,2.537
59,2.603
60,2.638
61,2.706
62,2.740
63,2.822
64,2.858
65,2.878
66,2.896
67,2.966
68,3.012
69,3.100
70,3.150
71,3.208
72,3.243
73,3.300
74,3.334
75,3.394
76,3.429
77,3.492
78,3.524
79,3.596
80,3.655
81,3.690
82,3.781
83,3.813
84,3.891
85,3.922
86,3.997
87,4.030
88,4.091
89,4.122
90,4.187
91,4.240
92,4.322
93,4.370
94,4.435
95,4.469
96,4.531
97,4.564
98,4.630
99,4.664
100,4.730
101,4.761
102,4.835
103,4.876
104,4.945
105,4.970
106,4.987
107,4.999
108,5.010
109,5.074
110,5.103
111,5.168
112,5.185
113,5.203
114,5.222
115,5.240
116,5.258
117,5.276
118,5.294
119,5.324
120,5.355
121,5.383
122,5.412
123,5.438
124,5.457
125,5.475
126,5.532
127,5.595
128,5.658
129,5.724
130,5.758
131,5.776
132,5.845
133,5.899
134,5.978
135,6.020
136,6.079
137,6.116
138,6.173
139,6.206
140,6.224
141,6.269
142,6.299
143,6.353
144,6.391
145,6.482
146,6.539
147,6.562
148,6.580
149,6.597
150,6.614
151,6.631
152,6.648
153,6.704
154,6.738
155,6.756
156,6.774
157,6.793
158,6.852
159,6.884
160,6.914
161,6.944
162,7.033
163,7.072
164,7.091
165,7.107
166,7.125
167,7.143
168,7.207
169,7.242
170,7.300
171,7.330
172,7.348
173,7.367
174,7.455
175,7.509
176,7.537
177,7.562
178,7.581
179,7.598
180,7.661
181,7.694
182,7.750
183,7.785
184,7.804
185,7.823
186,7.841
187,7.907
188,7.959
189,8.039
190,8.084
191,8.101
192,8.118
193,8.136
194,8.203
195,8.234
196,8.292
197,8.325
198,8.344
199,8.363
200,8.381
201,8.457
202,8.506
203,8.585
204,8.627
205,8.645
206,8.662
207,8.681
208,8.754
209,8.791
210,8.856
211,8.872
212,8.891
213,8.908
214,8.926
215,8.942
216,8.972
217,9.069
218,9.120
219,9.187
220,9.222
221,9.239
222,9.256
223,9.316
224,9.355
225,9.372
226,9.390
227,9.448
228,9.459
229,9.471
230,9.487
231,9.505
232,9.526
233,9.554
234,9.571
235,9.587
236,9.629
237,9.656
238,9.705
239,9.732
240,9.787
241,9.800
242,9.811
243,9.823
244,9.833
245,9.844
246,9.858
247,9.873
248,9.885
249,9.896
250,9.927
251,9.953
252,10.015
253,10.061
254,10.221
255,10.372
256,10.445
257,10.461
258,10.477
259,10.489
260,10.500
261,10.511
262,10.577
263,10.610
264,10.820
265,10.861
266,10.883
267,10.949
268,11.023
269,11.055
270,11.127
271,11.162
272,11.180
273,11.197
274,11.291
275,11.342
276,11.417
277,11.453
278,11.514
279,11.549
280,11.615
281,11.653
282,11.673
283,11.761
284,11.799
285,11.826
286,11.858
287,11.888
288,11.967
289,11.994
290,12.011
291,12.024
292,12.035
293,12.046
294,12.057
295,12.116
296,12.256
297,12.302
298,12.324
299,12.347
300,12.369
301,12.462
302,12.577
303,12.665
304,12.699
305,12.762
306,12.796
307,12.861
308,12.896
309,12.961
310,12.995
311,13.026
312,13.122
313,13.172
314,13.247
315,13.282
316,13.352
317,13.384
318,13.402
319,13.419
320,13.443
321,13.520
322,13.554
323,13.574
324,13.672
325,13.720
326,13.749
327,13.810
328,13.846
329,13.871
330,13.905
331,13.923
332,13.947
333,14.027
334,14.059
335,14.077
336,14.162
337,14.216
338,14.245
339,14.324
340,14.357
341,14.376
342,14.395
343,14.420
344,14.453
345,14.476
346,14.510
347,14.529
348,14.549
349,14.575
350,14.611
351,14.633
352,14.729
353,14.783
354,14.853
355,14.888
356,14.908
357,14.972
358,15.006
359,15.072
360,15.106
361,15.181
362,15.218
363,15.246
364,15.341
365,15.386
366,15.414
367,15.479
368,15.516
369,15.588
370,15.623
371,15.642
372,15.714
373,15.749
374,15.767
375,15.790
376,15.903
377,15.950
378,15.978
379,16.043
380,16.075
381,16.146
382,16.177
383,16.194
384,16.213
385,16.282
386,16.367
387,16.414
388,16.517
389,16.572
390,16.635
391,16.666
392,16.686
393,16.704
394,16.720
395,16.738
396,16.755
397,16.777
398,16.869
399,16.901
400,16.922
401,17.023
402,17.068
403,17.097
404,17.164
405,17.196
406,17.213
407,17.281
408,17.314
409,17.332
410,17.402
411,17.437
412,17.455
413,17.477
414,17.585
415,17.637
416,17.668
417,17.748
418,17.782
419,17.802
420,17.880
421,17.915
422,17.934
423,18.000
424,18.036
425,18.107
426,18.162
427,18.255
428,18.335
429,18.335
430,18.335
431,18.409
432,18.442
433,18.460
434,18.532
435,18.564
436,18.583
437,18.606
438,18.694
439,18.749
440,18.777
441,18.859
442,18.892
443,18.955
444,18.989
445,19.007
446,19.026
447,19.049
448,19.139
449,19.170
450,19.187
451,19.285
452,19.331
453,19.360
454,19.430
455,19.464
456,19.482
457,19.550
458,19.581
459,19.600
460,19.675
461,19.711
462,19.727
463,19.754
464,19.853
465,19.899
466,19.922
467,19.938
468,20.006
469,20.037
470,20.053
471,20.120
472,20.151
473,20.169
474,20.237
475,20.267
476,20.293
477,20.386
478,20.428
479,20.452
480,20.521
481,20.553
482,20.570
483,20.628
484,20.657
485,20.674
486,20.695
487,20.725
488,20.787
489,20.840
490,20.925
491,20.972
492,20.988
493,21.005
494,21.066
495,21.099
496,21.117
497,21.183
498,21.215
499,21.234
500,21.251
501,21.319
502,21.380
503,21.425
504,21.454
505,21.480
506,21.513
507,21.529
508,21.595
509,21.635
510,21.697
511,21.729
512,21.746
513,21.806
514,21.851
515,21.937
516,21.984
517,22.067
518,22.101
519,22.172
520,22.202
521,22.219
522,22.242
523,22.326
524,22.359
525,22.377
526,22.465
527,22.511
528,22.538
529,22.607
530,22.639
531,22.657
532,22.716
533,22.748
534,22.765
535,22.837
536,22.869
537,22.886
538,22.968
539,23.020
540,23.048
541,23.076
542,23.147
543,23.181
544,23.200
545,23.274
546,23.309
547,23.329
548,23.401
549,23.483
550,23.528
551,23.561
552,23.652
553,23.698
554,23.717
555,23.779
556,23.812
557,23.830
558,23.894
559,23.927
560,23.990
561,24.025
562,24.109
563,24.162
564,24.257
565,24.291
566,24.308
567,24.375
568,24.452
569,24.484
570,24.501
571,24.567
572,24.603
573,24.622
574,24.710
575,24.757
576,24.787
577,24.812
578,24.852
579,24.886
580,24.904
581,24.926
582,24.959
583,24.977
584,25.040
585,25.073
586,25.089
587,25.109
588,25.200
589,25.245
590,25.327
591,25.361
592,25.378
593,25.453
594,25.485
595,25.504
596,25.574
597,25.606
598,25.629
599,25.663
600,25.694
601,25.794
602,25.843
603,25.862
604,25.929
605,25.960
606,25.977
607,25.994
608,26.060
609,26.094
610,26.112
611,26.164
612,26.180
613,26.197
614,26.220
615,26.239
616,26.257
617,26.275
618,26.290
619,26.370
620,26.395
621,26.538
622,26.580
623,26.601
624,26.622
625,26.644
626,26.709
627,26.805
628,26.916
629,26.964
630,27.024
631,27.054
632,27.126
633,27.158
634,27.176
635,27.241
636,27.273
637,27.289
638,27.363
639,27.412
640,27.502
641,27.543
642,27.608
643,27.640
644,27.657
645,27.679
646,27.714
647,27.746
648,27.763
649,27.781
650,27.840
651,27.875
652,27.906
653,27.985
654,28.034
655,28.051
656,28.073
657,28.108
658,28.141
659,28.158
660,28.175
661,28.232
662,28.264
663,28.280
664,28.338
665,28.376
666,28.405
667,28.490
668,28.534
669,28.589
670,28.620
671,28.637
672,28.695
673,28.727
674,28.797
675,28.834
676,28.852
677,28.935
678,29.066
679,29.113
680,29.131
681,29.198
682,29.228
683,29.245
684,29.305
685,29.337
686,29.394
687,29.426
688,29.443
689,29.466
690,29.569
691,29.614
692,29.639
693,29.698
694,29.734
695,29.766
696,29.784
697,29.806
698,29.837
699,29.854
700,29.871
701,29.893
702,29.924
703,29.942
704,29.979
705,30.036
706,30.057
707,30.138
708,30.170
709,30.244
710,30.275
711,30.291
712,30.358
713,30.440
714,30.521
715,30.574
716,30.674
717,30.718
718,30.736
719,30.807
720,30.841
721,30.864
722,30.882
723,30.952
724,30.984
725,31.002
726,31.069
727,31.105
728,31.199
729,31.246
730,31.273
731,31.344
732,31.376
733,31.394
734,31.461
735,31.494
736,31.510
737,31.572
738,31.611
739,31.646
740,31.677
741,31.712
742,31.758
743,31.833
744,31.863
745,31.880
746,31.940
747,31.973
748,31.989
749,32.006
750,32.065
751,32.097
752,32.121
753,32.204
754,32.270
755,32.313
756,32.357
757,32.434
758,32.466
759,32.483
760,32.542
761,32.579
762,32.610
763,32.627
764,32.649
765,32.681
766,32.700
767,32.731
768,32.767
769,32.812
770,32.842
771,32.863
772,32.894
773,32.912
774,32.981
775,33.012
776,33.086
777,33.117
778,33.135
779,33.204
780,33.314
781,33.426
782,33.464
783,33.480
784,33.549
785,33.579
786,33.596
787,33.612
788,33.680
789,33.711
790,33.728
791,33.794
792,33.843
793,33.932
794,33.979
795,33.995
796,34.069
797,34.101
798,34.118
799,34.186
800,34.217
801,34.234
802,34.296
803,34.331
804,34.370
805,34.400
806,34.434
807,34.477
808,34.546
809,34.579
810,34.597
811,34.660
812,34.690
813,34.707
814,34.724
815,34.785
816,34.816
817,34.834
818,34.912
819,34.960
820,34.986
821,35.053
822,35.085
823,35.146
824,35.177
825,35.234
826,35.266
827,35.334
828,35.368
829,35.454
830,35.501
831,35.528
832,35.601
833,35.628
834,35.649
835,35.681
836,35.697
837,35.712
838,35.728
839,35.750
840,35.788
841,35.820
842,35.883
843,35.933
844,36.021
845,36.070
846,36.086
847,36.149
848,36.187
849,36.204
850,36.221
851,36.280
852,36.312
853,36.330
854,36.390
855,36.421
856,36.507
857,36.555
858,36.582
859,36.649
860,36.681
861,36.699
862,36.715
863,36.732
864,36.798
865,36.831
866,36.849
867,36.913
868,36.947
869,36.974
870,37.012
871,37.061
872,37.089
873,37.115
874,37.148
875,37.165
876,37.183
877,37.205
878,37.236
879,37.305
880,37.338
881,37.356
882,37.374
883,37.445
884,37.497
885,37.525
886,37.607
887,37.640
888,37.657
889,37.675
890,37.735
891,37.767
892,37.791
893,37.824
894,37.841
895,37.858
896,37.921
897,37.961
898,37.991
899,38.077
900,38.119
901,38.135
902,38.200
903,38.232
904,38.250
905,38.311
906,38.341
907,38.407
908,38.438
909,38.455
910,38.537
911,38.590
912,38.635
913,38.655
914,38.677
915,38.709
916,38.726
917,38.742
918,38.802
919,38.833
920,38.850
921,38.914
922,38.946
923,38.963
924,39.050
925,39.163
926,39.200
927,39.216
928,39.232
929,39.301
930,39.331
931,39.347
932,39.404
933,39.434
934,39.451
935,39.511
936,39.559
937,39.640
938,39.689
939,39.750
940,39.784
941,39.854
942,39.885
943,39.953
944,39.984
945,40.001
946,40.062
947,40.101
948,40.190
949,40.236
950,40.261
951,40.321
952,40.407
953,40.439
954,40.456
955,40.473
956,40.542
957,40.575
958,40.593
959,40.662
960,40.714
961,40.741
962,40.767
963,40.793
964,40.815
965,40.853
966,40.884
967,40.952
968,40.979
969,41.042
970,41.074
971,41.091
972,41.157
973,41.211
974,41.239
975,41.265
976,41.334
977,41.365
978,41.382
979,41.441
980,41.472
981,41.535
982,41.567
983,41.584
984,41.649
985,41.690
986,41.720
987,41.749
988,41.774
989,41.852
990,41.883
991,41.900
992,41.963
993,41.994
994,42.011
995,42.033
996,42.066
997,42.083
998,42.106
999,42.138
1000,42.169
1001,42.201
1002,42.235
1003,42.282
1004,42.356
1005,42.386
1006,42.403
1007,42.420
1008,42.485
1009,42.516
1010,42.533
1011,42.596
1012,42.629
1013,42.646
1014,42.671
1015,42.756
1016,42.804
1017,42.835
1018,42.867
1019,42.884
1020,42.900
1021,42.962
1022,42.992
1023,43.008
1024,43.069
1025,43.101
1026,43.118
1027,43.193
1028,43.246
1029,43.273
1030,43.356
1031,43.387
1032,43.450
1033,43.482
1034,43.499
1035,43.560
1036,43.598
1037,43.635
1038,43.652
1039,43.675
1040,43.719
1041,43.749
1042,43.777
1043,43.864
1044,43.898
1045,43.915
1046,43.970
1047,43.981
1048,43.992
1049,44.044
1050,44.072
1051,44.084
1052,44.096
1053,44.108
1054,44.166
1055,44.186
1056,44.204
1057,44.217
1058,44.231
1059,44.251
1060,44.323
1061,44.435
1062,44.467
1063,44.483
1064,44.500
1065,44.567
1066,44.649
1067,44.810
1068,44.909
1069,44.965
1070,45.039
1071,45.073
1072,45.090
1073,45.165
1074,45.203
1075,45.221
1076,45.296
1077,45.331
1078,45.348
1079,45.366
1080,45.383
1081,45.401
1082,45.488
1083,45.533
1084,45.613
1085,45.629
1086,45.646
1087,45.658
1088,45.669
1089,45.722
1090,45.801
1091,45.820
1092,45.838
1093,45.856
1094,45.874
1095,45.891
1096,45.909
1097,45.927
1098,45.949
1099,45.979
1100,46.009
1101,46.037
1102,46.072
1103,46.098
1104,46.117
1105,46.136
1106,46.155
1107,46.174
1108,46.233
1109,46.269
1110,46.296
1111,46.313
1112,46.375
1113,46.409
1114,46.425
1115,46.504
1116,46.549
1117,46.631
1118,46.664
1119,46.681
1120,46.740
1121,46.773
1122,46.833
1123,46.867
1124,46.925
1125,46.957
1126,46.977
1127,47.061
1128,47.111
1129,47.184
1130,47.218
1131,47.280
1132,47.313
1133,47.374
1134,47.407
1135,47.424
1136,47.442
1137,47.460
1138,47.477
1139,47.551
1140,47.597
1141,47.627
1142,47.700
1143,47.729
1144,47.789
1145,47.821
1146,47.878
1147,47.910
1148,47.971
1149,48.001
1150,48.062
1151,48.111
1152,48.200
1153,48.246
1154,48.304
1155,48.336
1156,48.400
1157,48.432
1158,48.449
1159,48.505
1160,48.533
1161,48.597
1162,48.624
1163,48.714
1164,48.762
1165,48.793
1166,48.857
1167,48.887
1168,48.950
1169,48.980
1170,49.042
1171,49.075
1172,49.140
1173,49.175
1174,49.257
1175,49.304
1176,49.379
1177,49.400
1178,49.416
1179,49.428
1180,49.439
1181,49.493
1182,49.570
1183,49.588
1184,49.606
1185,49.624
1186,49.641
1187,49.658
1188,49.674
1189,49.692
1190,49.712
1191,49.742
1192,49.771
1193,49.798
1194,49.827
1195,49.853
1196,49.872
1197,49.889
1198,49.907
1199,49.926
1200,49.981
1201,50.018
1202,50.046
1203,50.064
1204,50.126
1205,50.159
1206,50.234
1207,50.285
1208,50.360
1209,50.399
1210,50.417
1211,50.479
1212,50.509
1213,50.527
1214,50.587
1215,50.621
1216,50.683
1217,50.715
1218,50.732
1219,50.763
1220,50.849
1221,50.898
1222,50.959
1223,50.988
1224,51.051
1225,51.079
1226,51.142
1227,51.174
1228,51.238
1229,51.268
1230,51.338
1231,51.386
1232,51.468
1233,51.504
1234,51.564
1235,51.597
1236,51.658
1237,51.690
1238,51.750
1239,51.783
1240,51.845
1241,51.884
1242,51.969
1243,52.017
1244,52.086
1245,52.120
1246,52.185
1247,52.219
1248,52.279
1249,52.310
1250,52.369
1251,52.381
1252,52.392
1253,52.403
1254,52.415
1255,52.430
1256,52.452
1257,52.475
1258,52.502
1259,52.521
1260,52.538
1261,52.555
1262,52.573
1263,52.585
1264,52.597
1265,52.608
1266,52.627
1267,52.639
1268,52.651
1269,52.661
1270,52.673
1271,52.683
1272,52.695
1273,52.706
1274,52.726
1275,52.736
1276,52.747
1277,52.757
1278,52.770
1279,52.781
1280,52.793
1281,52.804
1282,52.822
1283,52.833
1284,52.844
1285,52.856
1286,52.873
1287,52.889
1288,52.908
1289,52.926
1290,52.947
1291,52.972
1292,52.992
1293,53.004
1294,53.061
1295,53.129
1296,53.145
1297,53.162
1298,53.174
1299,53.185
1300,53.243
1301,53.267
1302,53.492
1303,53.556
1304,53.592
1305,53.618
1306,53.680
1307,53.759
1308,53.792
1309,53.855
1310,53.888
1311,53.953
1312,53.986
1313,54.061
1314,54.083
1315,54.103
1316,54.122
1317,54.140
1318,54.162
1319,54.186
1320,54.197
1321,54.210
1322,54.243
1323,54.271
1324,54.488
1325,54.509
1326,54.530
1327,54.599
1328,54.639
1329,54.735
1330,54.776
1331,54.800
1332,54.865
1333,54.947
1334,55.022
1335,55.038
1336,55.057
1337,55.073
1338,55.090
1339,55.165
1340,55.182
1341,55.274
1342,55.300
1343,55.390
1344,55.415
1345,55.432
1346,55.450
1347,55.468
1348,55.485
1349,55.502
1350,55.514
1351,55.526
1352,55.536
1353,55.548
1354,55.614
1355,55.706
1356,55.742
1357,55.760
1358,55.782
1359,55.812
1360,55.844
1361,55.871
1362,55.898
1363,55.925
1364,55.945
1365,56.005
1366,56.102
1367,56.190
1368,56.219
1369,56.288
1370,56.321
1371,56.411
1372,56.462
1373,56.489
1374,56.574
1375,56.609
1376,56.683
1377,56.716
1378,56.791
1379,56.829
1380,56.903
1381,56.934
1382,56.951
1383,56.981
1384,57.015
1385,57.108
1386,57.148
1387,57.166
1388,57.188
1389,57.219
1390,57.290
1391,57.321
1392,57.338
1393,57.355
1394,57.426
1395,57.460
1396,57.478
1397,57.584
1398,57.639
1399,57.669
1400,57.690
1401,57.710
1402,57.789
1403,57.832
1404,57.850
1405,57.869
1406,57.934
1407,57.968
1408,57.985
1409,58.062
1410,58.114
1411,58.145
1412,58.174
1413,58.261
1414,58.301
1415,58.319
1416,58.386
1417,58.421
1418,58.438
1419,58.497
1420,58.528
1421,58.546
1422,58.618
1423,58.664
1424,58.759
1425,58.808
1426,58.891
1427,58.927
1428,58.944
1429,59.018
1430,59.035
1431,59.052
1432,59.070
1433,59.087
1434,59.156
1435,59.190
1436,59.207
1437,59.310
1438,59.364
1439,59.453
1440,59.492
1441,59.511
1442,59.531
1443,59.607
1444,59.624
1445,59.643
1446,59.660
1447,59.679
1448,59.697
1449,59.775
1450,59.828
1451,59.860
1452,59.890
1453,59.981
1454,60.012
1455,60.029
1456,60.046
1457,60.123
1458,60.160
1459,60.179
1460,60.197
1461,60.272
1462,60.289
1463,60.307
1464,60.325
1465,60.347
1466,60.439
1467,60.490
1468,60.518
1469,60.583
1470,60.617
1471,60.635
1472,60.699
1473,60.734
1474,60.752
1475,60.834
1476,60.876
1477,60.956
1478,61.008
1479,61.106
1480,61.155
1481,61.237
1482,61.274
1483,61.336
1484,61.352
1485,61.369
1486,61.382
1487,61.394
1488,61.406
1489,61.418
1490,61.430
1491,61.489
1492,61.843
1493,61.894
1494,61.919
1495,61.945
1496,62.014
1497,62.105
1498,62.191
1499,62.224
1500,62.288
1501,62.341
1502,62.371
1503,62.470
1504,62.508
1505,62.569
1506,62.601
1507,62.619
1508,62.685
1509,62.720
1510,62.782
1511,62.814
1512,62.880
1513,62.938
1514,63.035
1515,63.081
1516,63.100
1517,63.180
1518,63.217
1519,63.235
1520,63.256
1521,63.273
1522,63.350
1523,63.384
1524,63.403
1525,63.421
1526,63.438
1527,63.528
1528,63.579
1529,63.606
1530,63.630
1531,63.699
1532,63.733
1533,63.751
1534,63.768
1535,63.843
1536,63.877
1537,63.896
1538,63.915
1539,63.934
1540,64.014
1541,64.059
1542,64.087
1543,64.187
1544,64.238
1545,64.318
1546,64.353
1547,64.429
1548,64.465
1549,64.484
1550,64.503
1551,64.522
1552,64.597
1553,64.636
1554,64.669
1555,64.701
1556,64.730
1557,64.820
1558,64.857
1559,64.876
1560,64.961
1561,64.998
1562,65.016
1563,65.037
1564,65.117
1565,65.151
1566,65.170
1567,65.254
1568,65.310
1569,65.342
1570,65.430
1571,65.465
1572,65.533
1573,65.570
1574,65.638
1575,65.673
1576,65.742
1577,65.778
1578,65.860
1579,65.910
1580,66.017
1581,66.067
1582,66.086
1583,66.105
1584,66.176
1585,66.215
1586,66.234
1587,66.253
1588,66.321
1589,66.356
1590,66.375
1591,66.396
1592,66.468
1593,66.525
1594,66.551
1595,66.639
1596,66.676
1597,66.694
1598,66.763
1599,66.801
1600,66.860
1601,66.890
1602,66.957
1603,66.989
1604,67.010
1605,67.083
1606,67.192
1607,67.294
1608,67.328
1609,67.358
1610,67.378
1611,67.398
1612,67.467
1613,67.495
1614,67.564
1615,67.592
1616,67.663
1617,67.693
1618,67.799
1619,67.843
1620,67.931
1621,67.961
1622,67.980
1623,68.038
1624,68.052
1625,68.064
1626,68.077
1627,68.089
1628,68.102
1629,68.159
1630,68.190
1631,68.208
1632,68.267
1633,68.350
1634,68.456
1635,68.498
1636,68.565
1637,68.591
1638,68.657
1639,68.685
1640,68.744
1641,68.771
1642,68.792
1643,68.866
1644,68.895
1645,68.984
1646,69.027
1647,69.107
1648,69.139
1649,69.159
1650,69.180
1651,69.208
1652,69.270
1653,69.298
1654,69.364
1655,69.394
1656,69.414
1657,69.433
1658,69.453
1659,69.489
1660,69.535
1661,69.569
1662,69.599
1663,69.639
1664,69.659
1665,69.680
1666,69.702
1667,69.719
1668,69.739
1669,69.756
1670,69.777
1671,69.806
1672,69.827
1673,69.904
1674,69.936
1675,70.020
1676,70.067
1677,70.096
1678,70.126
1679,70.158
1680,70.235
1681,70.315
1682,70.345
1683,70.365
1684,70.427
1685,70.455
1686,70.473
1687,70.491
1688,70.510
1689,70.583
1690,70.625
1691,70.654
1692,70.742
1693,70.772
1694,70.788
1695,70.806
1696,70.825
1697,70.842
1698,70.923
1699,71.005
1700,71.037
1701,71.056
1702,71.130
1703,71.168
1704,71.264
1705,71.304
1706,71.389
1707,71.420
1708,71.450
1709,71.522
1710,71.552
1711,71.631
1712,71.661
1713,71.680
1714,71.755
1715,71.781
1716,71.811
1717,71.911
1718,71.957
1719,71.980
1720,72.000
1721,72.031
1722,72.047
1723,72.067
1724,72.085
1725,72.101
1726,72.118
1727,72.186
1728,72.213
1729,72.232
1730,72.250
1731,72.327
1732,72.359
1733,72.386
1734,72.413
1735,72.446
1736,72.479
1737,72.499
1738,72.517
1739,72.587
1740,72.614
1741,72.681
1742,72.761
1743,72.845
1744,72.876
1745,72.907
1746,73.001
1747,73.043
1748,73.071
1749,73.090
1750,73.109
1751,73.171
1752,73.244
1753,73.273
1754,73.291
1755,73.308
1756,73.366
1757,73.395
1758,73.417
1759,73.466
1760,73.505
1761,73.545
1762,73.576
1763,73.594
1764,73.614
1765,73.636
1766,73.656
1767,73.674
1768,73.692
1769,73.763
1770,73.793
1771,73.811
1772,73.831
1773,73.850
1774,73.920
1775,73.952
1776,73.984
1777,74.019
1778,74.129
1779,74.158
1780,74.176
1781,74.246
1782,74.265
1783,74.282
1784,74.307
1785,74.386
1786,74.418
1787,74.436
1788,74.454
1789,74.529
1790,74.581
1791,74.614
1792,74.705
1793,74.736
1794,74.756
1795,74.787
1796,74.862
1797,74.890
1798,74.909
1799,74.979
1800,75.014
1801,75.043
1802,75.119
1803,75.169
1804,75.261
1805,75.303
1806,75.372
1807,75.404
1808,75.422
1809,75.440
1810,75.461
1811,75.492
1812,75.510
1813,75.530
1814,75.550
1815,75.581
1816,75.600
1817,75.623
1818,75.657
1819,75.688
1820,75.728
1821,75.757
1822,75.778
1823,75.796
1824,75.874
1825,75.907
1826,75.927
1827,75.995
1828,76.025
1829,76.056
1830,76.130
1831,76.159
1832,76.192
1833,76.286
1834,76.329
1835,76.354
1836,76.431
1837,76.514
1838,76.545
1839,76.563
1840,76.581
1841,76.603
1842,76.632
1843,76.701
1844,76.731
1845,76.761
1846,76.789
1847,76.821
1848,76.850
1849,76.928
1850,76.957
1851,76.975
1852,77.040
1853,77.053
1854,77.065
1855,77.077
1856,77.088
1857,77.100
1858,77.112
1859,77.133
1860,77.151
1861,77.169
1862,77.182
1863,77.194
1864,77.210
1865,77.240
1866,77.266
1867,77.287
1868,77.307
1869,77.401
1870,77.514
1871,77.554
1872,77.581
1873,77.605
1874,77.624
1875,77.644
1876,77.663
1877,77.683
1878,77.747
1879,77.844
1880,77.963
1881,78.016
1882,78.043
1883,78.126
1884,78.158
1885,78.235
1886,78.253
1887,78.272
1888,78.290
1889,78.310
1890,78.332
1891,78.371
1892,78.404
1893,78.669
1894,78.701
1895,78.725
1896,78.748
1897,78.772
1898,78.796
1899,78.863
1900,78.895
1901,78.962
1902,78.995
1903,79.063
1904,79.115
1905,79.204
1906,79.260
1907,79.341
1908,79.378
1909,79.396
1910,79.473
1911,79.490
1912,79.509
1913,79.526
1914,79.603
1915,79.621
1916,79.638
1917,79.656
1918,79.740
1919,79.789
1920,79.815
1921,79.846
1922,79.879
1923,79.895
1924,79.968
1925,80.001
1926,80.017
1927,80.086
1928,80.101
1929,80.119
1930,80.136
1931,80.158
1932,80.174
1933,80.203
1934,80.238
1935,80.336
1936,80.381
1937,80.397
1938,80.461
1939,80.476
1940,80.492
1941,80.508
1942,80.525
1943,80.588
1944,80.620
1945,80.637
1946,80.701
1947,80.746
1948,80.775
1949,80.803
1950,80.836
1951,80.863
1952,80.879
1953,80.896
1954,80.913
1955,80.980
1956,80.997
1957,81.012
1958,81.029
1959,81.045
1960,81.062
1961,81.126
1962,81.158
1963,81.234
1964,81.264
1965,81.292
1966,81.319
1967,81.355
1968,81.372
1969,81.390
1970,81.408
1971,81.425
1972,81.487
1973,81.519
1974,81.591
1975,81.627
1976,81.646
1977,81.718
1978,81.766
1979,81.797
1980,81.892
1981,81.933
1982,81.949
1983,82.018
1984,82.034
1985,82.050
1986,82.066
1987,82.131
1988,82.148
1989,82.165
1990,82.182
1991,82.198
1992,82.266
1993,82.293
1994,82.323
1995,82.350
1996,82.376
1997,82.452
1998,82.469
1999,82.485
2000,82.501
2001,82.517
2002,82.582
2003,82.615
2004,82.631
2005,82.696
2006,82.728
2007,82.746
2008,82.766
2009,82.804
2010,82.838
2011,82.863
2012,82.890
2013,82.914
2014,82.984
2015,83.001
2016,83.019
2017,83.036
2018,83.053
2019,83.069
2020,83.134
2021,83.166
2022,83.234
2023,83.252
2024,83.269
2025,83.300
2026,83.327
2027,83.418
2028,83.465
2029,83.484
2030,83.561
2031,83.598
2032,83.673
2033,83.709
2034,83.773
2035,83.789
2036,83.807
2037,83.825
2038,83.844
2039,83.874
2040,83.909
2041,83.961
2042,84.000
2043,84.034
2044,84.051
2045,84.068
2046,84.090
2047,84.120
2048,84.138
2049,84.209
2050,84.246
2051,84.265
2052,84.284
2053,84.369
2054,84.427
2055,84.456
2056,84.483
2057,84.572
2058,84.607
2059,84.625
2060,84.643
2061,84.715
2062,84.748
2063,84.766
2064,84.826
2065,84.843
2066,84.860
2067,84.877
2068,84.963
2069,85.016
2070,85.042
2071,85.070
2072,85.137
2073,85.154
2074,85.172
2075,85.190
2076,85.208
2077,85.276
2078,85.310
2079,85.328
2080,85.396
2081,85.414
2082,85.432
2083,85.452
2084,85.484
2085,85.527
2086,85.575
2087,85.604
2088,85.622
2089,85.688
2090,85.724
2091,85.743
2092,85.806
2093,85.839
2094,85.857
2095,85.923
2096,85.941
2097,85.959
2098,85.983
2099,86.013
2100,86.108
2101,86.156
2102,86.174
2103,86.192
2104,86.258
2105,86.275
2106,86.294
2107,86.311
2108,86.328
2109,86.345
2110,86.413
2111,86.430
2112,86.449
2113,86.467
2114,86.555
2115,86.583
2116,86.611
2117,86.638
2118,86.665
2119,86.683
2120,86.749
2121,86.784
2122,86.802
2123,86.819
2124,86.894
2125,86.913
2126,86.931
2127,86.947
2128,87.022
2129,87.039
2130,87.066
2131,87.095
2132,87.125
2133,87.152
2134,87.181
2135,87.260
2136,87.294
2137,87.312
2138,87.329
2139,87.407
2140,87.440
2141,87.519
2142,87.556
2143,87.576
2144,87.595
2145,87.689
2146,87.721
2147,87.749
2148,87.779
2149,87.798
2150,87.866
2151,87.883
2152,87.902
2153,87.920
2154,87.998
2155,88.032
2156,88.050
2157,88.068
2158,88.087
2159,88.164
2160,88.208
2161,88.314
2162,88.369
2163,88.441
2164,88.475
2165,88.494
2166,88.568
2167,88.601
2168,88.618
2169,88.694
2170,88.729
2171,88.747
2172,88.822
2173,88.873
2174,88.963
2175,89.002
2176,89.019
2177,89.085
2178,89.121
2179,89.138
2180,89.202
2181,89.236
2182,89.309
2183,89.327
2184,89.345
2185,89.371
2186,89.463
2187,89.514
2188,89.538
2189,89.612
2190,89.647
2191,89.717
2192,89.750
2193,89.774
2194,89.807
2195,89.825
2196,89.901
2197,89.936
2198,89.967
2199,90.062
2200,90.113
2201,90.179
2202,90.195
2203,90.212
2204,90.277
2205,90.293
2206,90.309
2207,90.325
2208,90.342
2209,90.403
2210,90.420
2211,90.437
2212,90.454
2213,90.473
2214,90.564
2215,90.587
2216,90.614
2217,90.638
2218,90.704
2219,90.721
2220,90.737
2221,90.753
2222,90.769
2223,90.833
2224,90.850
2225,90.868
2226,90.885
2227,90.902
2228,90.969
2229,90.990
2230,91.020
2231,91.052
2232,91.075
2233,91.155
2234,91.172
2235,91.188
2236,91.205
2237,91.223
2238,91.245
2239,91.260
2240,91.276
2241,91.292
2242,91.308
2243,91.372
2244,91.408
2245,91.425
2246,91.510
2247,91.537
2248,91.564
2249,91.592
2250,91.615
2251,91.678
2252,91.695
2253,91.712
2254,91.790
2255,91.806
2256,91.823
2257,91.841
2258,91.858
2259,91.936
2260,91.953
2261,91.971
2262,92.002
2263,92.029
2264,92.116
2265,92.141
2266,92.157
2267,92.174
2268,92.190
2269,92.259
2270,92.276
2271,92.293
2272,92.309
2273,92.326
2274,92.395
2275,92.412
2276,92.429
2277,92.499
2278,92.554
2279,92.581
2280,92.676
2281,92.710
2282,92.779
2283,92.812
2284,92.837
2285,92.869
2286,92.886
2287,92.961
2288,92.995
2289,93.012
2290,93.093
2291,93.151
2292,93.241
2293,93.259
2294,93.277
2295,93.343
2296,93.360
2297,93.377
2298,93.394
2299,93.411
2300,93.473
2301,93.491
2302,93.508
2303,93.525
2304,93.541
2305,93.612
2306,93.639
2307,93.669
2308,93.695
2309,93.777
2310,93.811
2311,93.829
2312,93.894
2313,93.909
2314,93.925
2315,93.941
2316,93.957
2317,94.022
2318,94.055
2319,94.072
2320,94.154
2321,94.181
2322,94.208
2323,94.235
2324,94.260
2325,94.277
2326,94.299
2327,94.314
2328,94.332
2329,94.346
2330,94.412
2331,94.446
2332,94.463
2333,94.528
2334,94.544
2335,94.562
2336,94.579
2337,94.669
2338,94.719
2339,94.797
2340,94.814
2341,94.830
2342,94.848
2343,94.865
2344,94.927
2345,94.944
2346,94.960
2347,94.977
2348,94.993
2349,95.058
2350,95.075
2351,95.092
2352,95.115
2353,95.144
2354,95.233
2355,95.279
2356,95.297
2357,95.314
2358,95.389
2359,95.421
2360,95.491
2361,95.524
2362,95.549
2363,95.581
2364,95.599
2365,95.674
2366,95.733
2367,95.760
2368,95.855
2369,95.872
2370,95.889
2371,95.906
2372,95.923
2373,95.944
2374,95.961
2375,95.977
2376,95.993
2377,96.008
2378,96.029
2379,96.045
2380,96.061
2381,96.078
2382,96.151
2383,96.207
2384,96.236
2385,96.322
2386,96.338
2387,96.355
2388,96.372
2389,96.388
2390,96.453
2391,96.484
2392,96.500
2393,96.566
2394,96.585
2395,96.603
2396,96.620
2397,96.638
2398,96.663
2399,96.692
2400,96.725
2401,96.748
2402,96.781
2403,96.823
2404,96.842
2405,96.859
2406,96.878
2407,96.903
2408,96.935
2409,96.951
2410,96.967
2411,96.988
2412,97.020
2413,97.037
2414,97.059
2415,97.076
2416,97.099
2417,97.129
2418,97.159
2419,97.248
2420,97.286
2421,97.303
2422,97.377
2423,97.412
2424,97.429
2425,97.500
2426,97.517
2427,97.534
2428,97.551
2429,97.567
2430,97.634
2431,97.663
2432,97.692
2433,97.779
2434,97.805
2435,97.822
2436,97.840
2437,97.857
2438,97.933
2439,97.968
2440,98.037
2441,98.068
2442,98.093
2443,98.124
2444,98.141
2445,98.228
2446,98.282
2447,98.308
2448,98.394
2449,98.411
2450,98.427
2451,98.442
2452,98.509
2453,98.544
2454,98.609
2455,98.627
2456,98.644
2457,98.663
2458,98.680
2459,98.746
2460,98.800
2461,98.892
2462,98.920
2463,98.937
2464,99.003
2465,99.018
2466,99.035
2467,99.052
2468,99.119
2469,99.151
2470,99.169
2471,99.234
2472,99.251
2473,99.269
2474,99.293
2475,99.320
2476,99.410
2477,99.456
2478,99.474
2479,99.538
2480,99.554
2481,99.571
2482,99.587
2483,99.604
2484,99.619
2485,99.675
2486,99.687
2487,99.698
2488,99.752
2489,99.764
2490,99.774
2491,99.839
2492,99.898
2493,99.920
2494,99.937
2495,99.953
2496,99.970
2497,99.998
2498,100.013
2499,100.031
2500,100.055
2501,100.072
2502,100.130
2503,100.155
2504,100.171
2505,100.228
2506,100.255
2507,100.429
2508,100.475
2509,100.551
2510,100.619
2511,100.767
2512,100.784
2513,100.883
2514,100.948
2515,101.006
2516,101.047
2517,101.074
2518,101.151
2519,101.224
2520,101.300
2521,101.366
2522,101.392
2523,101.465
2524,101.493
2525,101.512
2526,101.532
2527,101.618
2528,101.662
2529,101.690
2530,101.769
2531,101.801
2532,102.052
2533,102.092
2534,102.163
2535,102.188
2536,102.205
2537,102.234
2538,102.338
2539,102.385
2540,102.448
2541,102.476
2542,102.546
2543,102.619
2544,102.647
2545,102.667
2546,102.739
2547,102.763
2548,102.781
2549,102.856
2550,102.876
2551,102.896
2552,102.915
2553,102.934
2554,102.952
2555,102.979
2556,103.006
2557,103.027
2558,103.057
2559,103.074
2560,103.093
2561,103.120
2562,103.138
2563,103.166
2564,103.331
2565,103.362
2566,103.449
2567,103.494
2568,103.525
2569,103.554
2570,103.701
2571,103.725
2572,103.743
2573,103.804
2574,103.830
2575,103.856
2576,103.873
2577,103.891
2578,103.930
2579,103.956
2580,103.987
2581,104.077
2582,104.169
2583,104.249
2584,104.320
2585,104.346
2586,104.407
2587,104.433
2588,104.491
2589,104.507
2590,104.576
2591,104.621
2592,104.652
2593,104.753
2594,104.791
2595,104.811
2596,104.830
2597,104.850
2598,104.869
2599,104.939
2600,104.965
2601,104.984
2602,105.028
2603,105.051
2604,105.069
2605,105.129
2606,105.230
2607,105.264
2608,105.395
2609,105.417
2610,105.434
2611,105.573
2612,105.589
2613,105.686
2614,105.750
2615,105.772
2616,105.791
2617,105.809
2618,105.828
2619,105.845
2620,105.868
2621,105.955
2622,105.986
2623,105.999
2624,106.061
2625,106.093
2626,106.268
2627,106.298
2628,106.364
2629,106.464
2630,106.511
2631,106.529
2632,106.551
2633,106.633
2634,106.711
2635,106.739
2636,106.751
2637,106.820
2638,106.901
2639,106.930
2640,106.942
2641,106.958
2642,106.984
2643,106.996
2644,107.011
2645,107.030
2646,107.048
2647,107.073
2648,107.111
2649,107.129
2650,107.205
2651,107.282
2652,107.296
2653,107.308
2654,107.326
2655,107.358
2656,107.392
2657,107.405
2658,107.417
2659,107.433
2660,107.467
2661,107.479
2662,107.491
2663,107.507
2664,107.542
2665,107.554
2666,107.565
2667,107.592
2668,107.613
2669,107.634
2670,107.654
2671,107.671
2672,107.695
2673,107.712
2674,107.732
2675,107.745
2676,107.763
2677,107.774
2678,107.787
2679,107.798
2680,107.815
2681,107.828
2682,107.841
2683,107.855
2684,107.871
2685,107.888
2686,107.908
2687,107.935
2688,107.952
2689,107.976
2690,107.996
2691,108.063
2692,108.079
2693,108.098
2694,108.118
2695,108.137
2696,108.157
2697,108.177
2698,108.195
2699,108.213
2700,108.232
2701,108.248
2702,108.259
2703,108.270
2704,108.329
2705,108.360
2706,108.373
2707,108.393
2708,108.423
2709,108.491
2710,108.519
2711,108.537
2712,108.602
2713,108.710
2714,108.813
2715,108.844
2716,108.862
2717,108.880
2718,108.907
2719,108.926
2720,108.952
2721,108.971
2722,108.989
2723,109.014
2724,109.031
2725,109.049
2726,109.067
2727,109.092
2728,109.118
2729,109.158
2730,109.195
2731,109.287
2732,109.311
2733,109.372
2734,109.395
2735,109.413
2736,109.478
2737,109.553
2738,109.580
2739,109.704
2740,109.735
2741,109.767
2742,109.953
2743,109.971
2744,110.070
2745,110.129
2746,110.142
2747,110.154
2748,110.166
2749,110.180
2750,110.198
2751,110.216
2752,110.237
2753,110.267
2754,110.289
2755,110.325
2756,110.369
2757,110.396
2758,110.428
2759,110.465
2760,110.636
2761,110.668
2762,110.716
2763,110.743
2764,110.762
2765,110.782
2766,110.811
2767,110.831
2768,110.873
2769,110.907
2770,110.948
2771,110.977
2772,111.001
2773,111.027
2774,111.069
2775,111.099
2776,111.118
2777,111.136
2778,111.205
2779,111.281
2780,111.364
2781,111.441
2782,111.489
2783,111.571
2784,111.612
2785,111.634
2786,111.662
2787,111.689
2788,111.706
2789,111.781
2790,111.811
2791,111.832
2792,111.852
2793,111.872
2794,111.945
2795,111.975
2796,112.005
2797,112.065
2798,112.083
2799,112.100
2800,112.120
2801,112.141
2802,112.165
2803,112.184
2804,112.205
2805,112.234
2806,112.253
2807,112.272
2808,112.437
2809,112.467
2810,112.590
2811,112.678
2812,112.707
2813,112.734
2814,112.894
2815,112.912
2816,113.020
2817,113.091
2818,113.188
2819,113.302
2820,113.347
2821,113.379
2822,113.422
2823,113.440
2824,113.458
2825,113.523
2826,113.596
2827,113.622
2828,113.687
2829,113.716
2830,113.781
2831,113.798
2832,113.816
2833,113.844
2834,113.879
2835,113.906
2836,113.934
2837,113.962
2838,113.984
2839,114.054
2840,114.081
2841,114.100
2842,114.167
2843,114.240
2844,114.319
2845,114.349
2846,114.367
2847,114.445
2848,114.486
2849,114.513
2850,114.540
2851,114.611
2852,114.637
2853,114.715
2854,114.741
2855,114.819
2856,114.847
2857,114.865
2858,114.929
2859,114.946
2860,114.963
2861,114.983
2862,115.015
2863,115.525
2864,115.576
2865,115.659
2866,115.691
2867,115.722
2868,115.899
2869,115.917
2870,116.017
2871,116.084
2872,116.170
2873,116.257
2874,116.283
2875,116.305
2876,116.348
2877,116.378
2878,116.405
2879,116.486
2880,116.556
2881,116.581
2882,116.644
2883,116.672
2884,116.733
2885,116.749
2886,116.766
2887,116.782
2888,116.801
2889,116.818
2890,116.836
2891,116.861
2892,116.893
2893,117.016
2894,117.116
2895,117.134
2896,117.152
2897,117.169
2898,117.185
2899,117.202
2900,117.219
2901,117.236
2902,117.253
2903,117.317
2904,117.348
2905,117.413
2906,117.455
2907,117.486
2908,117.564
2909,117.661
2910,117.750
2911,117.778
2912,117.795
2913,117.866
2914,117.895
2915,117.911
2916,117.930
2917,118.003
2918,118.037
2919,118.067
2920,118.096
2921,118.124
2922,118.213
2923,118.243
2924,118.259
2925,118.276
2926,118.295
2927,118.318
2928,118.346
2929,118.363
2930,118.426
2931,118.452
2932,118.469
2933,118.486
2934,118.548
2935,118.658
2936,118.701
2937,118.780
2938,118.805
2939,118.822
2940,118.894
2941,118.922
2942,118.992
2943,119.018
2944,119.086
2945,119.112
2946,119.129
2947,119.229
2948,119.279
2949,119.307
2950,119.335
2951,119.407
2952,119.433
2953,119.452
2954,119.482
2955,119.499
2956,119.518
2957,119.534
2958,119.549
2959,119.566
2960,119.584
2961,119.600
2962,119.619
2963,119.647
2964,119.680
2965,119.726
2966,119.753
2967,119.780
2968,119.805
2969,119.885
2970,119.915
2971,119.976
2972,119.993
2973,120.010
2974,120.027
2975,120.179
2976,120.203
2977,120.343
2978,120.421
2979,120.504
2980,120.532
2981,120.550
2982,120.612
2983,120.642
2984,120.659
2985,120.678
2986,120.704
2987,120.774
2988,120.814
2989,120.908
2990,120.946
2991,120.975
2992,120.991
2993,121.007
2994,121.023
2995,121.040
2996,121.055
2997,121.073
2998,121.088
2999,121.103
3000,121.119
3001,121.137
3002,121.158
3003,121.191
3004,121.219
3005,121.293
3006,121.336
3007,121.363
3008,121.445
3009,121.526
3010,121.615
3011,121.644
3012,121.713
3013,121.875
3014,121.895
3015,121.914
3016,121.939
3017,121.974
3018,122.008
3019,122.038
3020,122.073
3021,122.095
3022,122.115
3023,122.135
3024,122.155
3025,122.222
3026,122.252
3027,122.269
3028,122.336
3029,122.366
3030,122.382
3031,122.448
3032,122.500
3033,122.529
3034,122.616
3035,122.653
3036,122.671
3037,122.738
3038,122.772
3039,122.789
3040,122.856
3041,122.887
3042,122.905
3043,122.973
3044,123.004
3045,123.025
3046,123.120
3047,123.167
3048,123.195
3049,123.260
3050,123.295
3051,123.325
3052,123.342
3053,123.414
3054,123.449
3055,123.514
3056,123.593
3057,123.634
3058,124.031
3059,124.057
3060,124.083
3061,124.109
3062,124.175
3063,124.254
3064,124.303
3065,124.333
3066,124.421
3067,124.460
3068,124.524
3069,124.559
3070,124.570
3071,124.582
3072,124.592
3073,124.603
3074,124.614
3075,124.631
3076,124.642
3077,124.653
3078,124.669
3079,124.705
3080,124.733
3081,124.743
3082,124.760
3083,124.853
3084,124.902
3085,124.982
3086,125.021
3087,125.034
3088,125.051
3089,125.079
3090,125.096
3091,125.108
3092,125.119
3093,125.190
3094,125.219
3095,125.291
3096,125.303
3097,125.315
3098,125.327
3099,125.339
3100,125.357
3101,125.439
3102,125.557
3103,125.600
3104,125.620
3105,125.687
3106,125.715
3107,125.726
3108,125.743
3109,125.755
3110,125.766
3111,125.776
3112,125.849
3113,125.879
3114,125.969
3115,126.080
3116,126.117
3117,126.137
3118,126.232
3119,126.277
3120,126.370
3121,126.385
3122,126.399
3123,126.411
3124,126.423
3125,126.497
3126,126.528
3127,126.540
3128,126.627
3129,126.667
3130,126.681
3131,126.765
3132,126.779
3133,126.792
3134,126.880
3135,126.930
3136,127.028
3137,127.046
3138,127.059
3139,127.073
3140,127.086
3141,127.164
3142,127.277
3143,127.315
3144,127.399
3145,127.434
3146,127.449
3147,127.515
3148,127.551
3149,127.570
3150,127.684
3151,127.800
3152,127.813
3153,127.825
3154,127.838
3155,127.850
3156,127.862
3157,127.882
3158,127.894
3159,127.907
3160,127.920
3161,127.932
3162,127.951
3163,127.962
3164,127.974
3165,127.986
3166,127.999
3167,128.012
3168,128.086
3169,128.119
3170,128.132
3171,128.144
3172,128.227
3173,128.278
3174,128.371
3175,128.387
3176,128.399
3177,128.464
3178,128.493
3179,128.506
3180,128.568
3181,128.657
3182,128.759
3183,128.797
3184,128.874
3185,128.986
3186,129.009
3187,129.025
3188,129.042
3189,129.059
3190,129.083
3191,129.121
3192,129.133
3193,129.144
3194,129.163
3195,129.176
3196,129.187
3197,129.261
3198,129.291
3199,129.363
3200,129.401
3201,129.413
3202,129.425
3203,129.450
3204,129.463
3205,129.475
3206,129.486
3207,129.521
3208,129.540
3209,129.560
3210,129.581
3211,129.598
3212,129.616
3213,129.633
3214,129.650
3215,129.671
3216,129.688
3217,129.704
3218,129.715
3219,129.727
3220,129.738
3221,129.751
3222,129.773
3223,129.788
3224,129.808
3225,129.819
3226,129.831
3227,129.843
3228,129.866
3229,129.878
3230,129.890
3231,129.907
3232,129.942
3233,129.973
3234,130.001
3235,130.065
3236,130.110
3237,130.137
3238,130.153
3239,130.164
3240,130.183
3241,130.215
3242,130.227
3243,130.246
3244,130.278
3245,130.297
3246,130.308
3247,130.320
3248,130.330
3249,130.349
3250,130.360
3251,130.371
3252,130.382
3253,130.401
3254,130.433
3255,130.445
3256,130.462
3257,130.472
3258,130.491
3259,130.520
3260,130.541
3261,130.559
3262,130.575
3263,130.600
3264,130.653
3265,130.666
3266,130.678
3267,130.690
3268,130.701
3269,130.721
3270,130.826
3271,130.863
3272,130.875
3273,130.968
3274,131.068
3275,131.080
3276,131.167
3277,131.187
3278,131.207
3279,131.225
3280,131.243
3281,131.328
3282,131.339
3283,131.351
3284,131.362
3285,131.372
3286,131.390
3287,131.406
3288,131.424
3289,131.440
3290,131.458
3291,131.624
3292,131.652
3293,131.726
3294,131.757
3295,131.786
3296,131.812
3297,131.839
3298,131.862
3299,131.958
3300,132.041
3301,132.059
3302,132.131
3303,132.148
3304,132.165
3305,132.181
3306,132.253
3307,132.270
3308,132.286
3309,132.315
3310,132.345
3311,132.375
3312,132.402
3313,132.483
3314,132.559
3315,132.577
3316,132.595
3317,132.612
3318,132.680
3319,132.710
3320,132.782
3321,132.795
3322,132.808
3323,132.820
3324,132.832
3325,132.845
3326,132.857
3327,132.871
3328,132.891
3329,132.924
3330,132.943
3331,132.961
3332,132.988
3333,133.008
3334,133.027
3335,133.049
3336,133.088
3337,133.100
3338,133.111
3339,133.131
3340,133.142
3341,133.152
3342,133.169
3343,133.179
3344,133.190
3345,133.208
3346,133.242
3347,133.254
3348,133.271
3349,133.311
3350,133.323
3351,133.334
3352,133.414
3353,133.464
3354,133.884
3355,133.902
3356,133.921
3357,133.940
3358,133.958
3359,134.035
3360,134.070
3361,134.155
3362,134.208
3363,134.232
3364,134.319
3365,134.440
3366,134.478
3367,134.494
3368,134.562
3369,135.051
3370,135.082
3371,135.114
3372,135.141
3373,135.210
3374,135.314
3375,135.352
3376,135.366
3377,135.433
3378,135.537
3379,135.577
3380,135.592
3381,135.660
3382,135.768
3383,135.898
3384,135.989
3385,136.001
3386,136.012
3387,136.029
3388,136.062
3389,136.090
3390,136.101
3391,136.117
3392,136.209
3393,136.222
3394,136.234
3395,136.307
3396,136.319
3397,136.330
3398,136.340
3399,136.358
3400,136.380
3401,136.398
3402,136.422
3403,136.442
3404,136.458
3405,136.562
3406,136.655
3407,136.667
3408,136.679
3409,136.750
3410,136.762
3411,136.772
3412,136.782
3413,136.798
3414,136.825
3415,136.837
3416,136.853
3417,136.865
3418,136.944
3419,136.957
3420,136.968
3421,137.053
3422,137.075
3423,137.094
3424,137.112
3425,137.129
3426,137.516
3427,137.539
3428,137.560
3429,137.579
3430,137.653
3431,137.665
3432,137.740
3433,137.752
3434,137.767
3435,137.786
3436,137.883
3437,137.902
3438,137.995
3439,138.007
3440,138.019
3441,138.113
3442,138.126
3443,138.140
3444,138.153
3445,138.166
3446,138.245
3447,138.273
3448,138.348
3449,138.359
3450,138.370
3451,138.380
3452,138.403
3453,138.417
3454,138.429
3455,138.441
3456,138.533
3457,138.658
3458,138.676
3459,138.695
3460,138.712
3461,138.791
3462,138.805
3463,138.820
3464,138.834
3465,138.849
3466,138.927
3467,138.941
3468,138.954
3469,138.968
3470,138.982
3471,138.995
3472,139.085
3473,139.101
3474,139.117
3475,139.194
3476,139.243
3477,139.262
3478,139.372
3479,139.397
3480,139.413
3481,139.429
3482,139.444
3483,139.526
3484,139.642
3485,139.674
3486,139.760
3487,139.790
3488,139.805
3489,139.820
3490,139.889
3491,139.920
3492,139.940
3493,140.059
3494,140.179
3495,140.191
3496,140.203
3497,140.214
3498,140.225
3499,140.237
3500,140.255
3501,140.267
3502,140.278
3503,140.289
3504,140.302
3505,140.320
3506,140.330
3507,140.341
3508,140.352
3509,140.364
3510,140.376
3511,140.542
3512,140.571
3513,140.668
3514,140.778
3515,140.803
3516,140.870
3517,140.956
3518,140.972
3519,141.047
3520,141.065
3521,141.082
3522,141.100
3523,141.192
3524,141.289
3525,141.334
3526,141.376
3527,141.394
3528,141.411
3529,141.430
3530,141.445
3531,141.458
3532,141.470
3533,141.482
3534,141.499
3535,141.510
3536,141.521
3537,141.537
3538,141.548
3539,141.559
3540,141.576
3541,141.587
3542,141.599
3543,141.616
3544,141.651
3545,141.663
3546,141.675
3547,141.749
3548,141.835
3549,141.872
3550,141.962
3551,142.002
3552,142.084
3553,142.096
3554,142.107
3555,142.176
3556,142.690
3557,142.735
3558,142.777
3559,142.807
3560,142.880
3561,142.976
3562,143.012
3563,143.030
3564,143.102
3565,143.187
3566,143.299
3567,143.343
3568,143.529
3569,143.556
3570,143.574
3571,143.650
3572,143.678
3573,143.695
3574,143.714
3575,143.731
3576,143.749
3577,143.766
3578,143.784
3579,143.819
3580,143.862
3581,143.892
3582,143.933
3583,143.960
3584,143.980
3585,144.007
3586,144.026
3587,144.044
3588,144.061
3589,144.137
3590,144.169
3591,144.187
3592,144.259
3593,144.296
3594,144.313
3595,144.331
3596,144.442
3597,144.471
3598,144.496
3599,144.583
3600,144.618
3601,144.634
3602,144.652
3603,144.674
3604,144.691
3605,144.707
3606,144.780
3607,144.813
3608,144.887
3609,144.904
3610,144.922
3611,144.950
3612,144.981
3613,145.013
3614,145.030
3615,145.047
3616,145.065
3617,145.084
3618,145.097
3619,145.109
3620,145.122
3621,145.134
3622,145.146
3623,145.165
3624,145.200
3625,145.213
3626,145.226
3627,145.246
3628,145.258
3629,145.270
3630,145.288
3631,145.303
3632,145.318
3633,145.335
3634,145.347
3635,145.359
3636,145.378
3637,145.390
3638,145.402
3639,145.482
3640,145.593
3641,145.615
3642,145.632
3643,145.658
3644,145.677
3645,145.693
3646,145.713
3647,145.727
3648,145.740
3649,145.758
3650,145.772
3651,145.784
3652,145.859
3653,145.955
3654,145.968
3655,145.982
3656,146.000
3657,146.014
3658,146.039
3659,146.051
3660,146.064
3661,146.077
3662,146.089
3663,146.101
3664,146.112
3665,146.134
3666,146.157
3667,146.177
3668,146.202
3669,146.690
3670,146.710
3671,146.731
3672,146.752
3673,146.773
3674,146.844
3675,146.967
3676,147.013
3677,147.030
3678,147.110
3679,147.192
3680,147.279
3681,147.306
3682,147.793
3683,147.825
3684,147.857
3685,147.885
3686,147.908
3687,147.982
3688,148.078
3689,148.107
3690,148.120
3691,148.191
3692,148.274
3693,148.360
3694,148.389
3695,148.470
3696,148.512
3697,148.598
3698,148.645
3699,148.657
3700,148.669
3701,148.737
3702,148.764
3703,148.833
3704,148.864
3705,148.877
3706,148.888
3707,148.959
3708,149.059
3709,149.076
3710,149.154
3711,149.180
3712,149.215
3713,149.245
3714,149.270
3715,149.301
3716,149.322
3717,149.336
3718,149.353
3719,149.370
3720,149.389
3721,149.421
3722,149.433
3723,149.445
3724,149.458
3725,149.470
3726,149.488
3727,149.499
3728,149.511
3729,149.523
3730,149.541
3731,149.553
3732,149.575
3733,149.588
3734,149.601
3735,149.614
3736,149.627
3737,149.639
3738,149.650
3739,149.670
3740,149.705
3741,149.738
3742,149.757
3743,149.774
3744,149.792
3745,149.809
3746,149.822
3747,149.844
3748,149.862
3749,149.876
3750,149.888
3751,149.900
3752,149.912
3753,149.925
3754,149.948
3755,149.966
3756,149.989
3757,150.001
3758,150.013
3759,150.026
3760,150.038
3761,150.060
3762,150.072
3763,150.083
3764,150.094
3765,150.107
3766,150.121
3767,150.140
3768,150.194
3769,150.246
3770,150.273
3771,150.325
3772,150.358
3773,150.377
3774,150.416
3775,150.447
3776,150.466
3777,150.478
3778,150.488
3779,150.508
3780,150.540
3781,150.553
3782,150.565
3783,150.585
3784,150.618
3785,150.639
3786,150.652
3787,150.665
3788,150.697
3789,150.716
3790,150.735
3791,150.764
3792,150.782
3793,150.799
3794,150.824
3795,150.838
3796,150.851
3797,150.875
3798,150.888
3799,150.899
3800,150.910
3801,150.930
3802,150.942
3803,151.038
3804,151.076
3805,151.091
3806,151.107
3807,151.213
3808,151.249
3809,151.567
3810,151.567
3811,151.567
3812,151.567
3813,151.567
3814,151.567
3815,151.579
3816,151.674
3817,151.712
3818,151.747
3819,151.790
3820,151.831
3821,151.846
3822,151.859
3823,151.881
3824,151.895
3825,151.908
3826,151.920
3827,151.941
3828,151.954
3829,151.966
3830,151.978
3831,151.991
3832,152.022
3833,152.084
3834,152.112
3835,152.131
3836,152.151
3837,152.177
3838,152.210
3839,152.231
3840,152.245
3841,152.257
3842,152.277
3843,152.308
3844,152.320
3845,152.339
3846,152.373
3847,152.397
3848,152.411
3849,152.424
3850,152.443
3851,152.484
3852,152.497
3853,152.509
3854,152.532
3855,152.552
3856,152.572
3857,152.596
3858,152.617
3859,152.636
3860,152.663
3861,152.714
3862,152.756
3863,152.771
3864,152.785
3865,152.811
3866,152.828
3867,152.841
3868,152.854
3869,152.867
3870,152.881
3871,152.903
3872,152.934
3873,152.952
3874,152.975
3875,153.074
3876,153.115
3877,153.232
3878,153.261
3879,153.293
3880,153.312
3881,153.334
3882,153.353
3883,153.371
3884,153.389
3885,153.470
3886,153.488
3887,153.975
3888,154.019
3889,154.049
3890,154.078
3891,154.155
3892,154.171
3893,154.187
3894,154.274
3895,154.309
3896,154.394
3897,154.413
3898,154.433
3899,154.567
3900,154.624
3901,154.720
3902,154.754
3903,154.770
3904,154.792
3905,154.809
3906,154.895
3907,154.913
3908,154.998
3909,155.017
3910,155.035
3911,155.142
3912,155.277
3913,155.303
3914,155.329
3915,155.435
3916,155.455
3917,155.474
3918,155.494
3919,155.513
3920,155.603
3921,155.638
3922,155.727
3923,155.747
3924,155.766
3925,155.785
3926,155.807
3927,155.831
3928,155.852
3929,155.877
3930,155.904
3931,155.936
3932,155.988
3933,156.002
3934,156.014
3935,156.031
3936,156.043
3937,156.055
3938,156.071
3939,156.083
3940,156.095
3941,156.167
3942,156.254
3943,156.266
3944,156.278
3945,156.297
3946,156.310
3947,156.322
3948,156.340
3949,156.352
3950,156.370
3951,156.382
3952,156.395
3953,156.421
3954,156.442
3955,156.462
3956,156.483
3957,156.503
3958,156.536
3959,156.607
3960,156.622
3961,156.635
3962,156.662
3963,156.677
3964,156.691
3965,156.733
3966,156.734
3967,156.748
3968,156.771
3969,156.785
3970,156.798
3971,156.822
3972,156.837
3973,156.851
3974,156.865
3975,156.884
3976,156.903
3977,156.917
3978,156.944
3979,157.063
3980,157.094
3981,157.121
3982,157.149
3983,157.236
3984,157.326
3985,157.345
3986,157.450
3987,157.546
3988,157.565
3989,157.586
3990,157.671
3991,157.693
3992,157.705
3993,157.718
3994,157.748
3995,157.792
3996,157.824
3997,157.854
3998,157.874
3999,157.886
4000,157.900
4001,157.911
4002,157.924
4003,157.936
4004,157.948
4005,157.959
4006,157.971
4007,157.990
4008,158.004
4009,158.026
4010,158.038
4011,158.050
4012,158.072
4013,158.092
4014,158.106
4015,158.124
4016,158.136
4017,158.156
4018,158.174
4019,158.193
4020,158.216
4021,158.253
4022,158.284
4023,158.311
4024,158.338
4025,158.371
4026,158.389
4027,158.407
4028,158.425
4029,158.442
4030,158.469
4031,158.482
4032,158.494
4033,158.506
4034,158.518
4035,158.530
4036,158.543
4037,158.554
4038,158.568
4039,158.583
4040,158.604
4041,158.622
4042,158.636
4043,158.648
4044,158.660
4045,158.672
4046,158.683
4047,158.718
4048,158.752
4049,158.774
4050,158.791
4051,158.809
4052,158.827
4053,158.844
4054,158.866
4055,158.885
4056,158.899
4057,158.911
4058,158.923
4059,158.936
4060,158.949
4061,158.970
4062,158.988
4063,159.004
4064,159.017
4065,159.030
4066,159.042
4067,159.057
4068,159.082
4069,159.101
4070,159.115
4071,159.134
4072,159.152
4073,159.249
4074,159.360
4075,159.410
4076,159.425
4077,159.440
4078,159.454
4079,159.467
4080,159.479
4081,159.492
4082,159.516
4083,159.530
4084,159.544
4085,159.566
4086,159.581
4087,159.605
4088,159.619
4089,159.633
4090,159.656
4091,159.669
4092,159.682
4093,159.705
4094,159.720
4095,159.732
4096,159.756
4097,159.769
4098,159.780
4099,159.804
4100,159.828
4101,159.863
4102,159.882
4103,159.900
4104,159.919
4105,159.953
4106,159.967
4107,159.981
4108,159.995
4109,160.009
4110,160.022
4111,160.035
4112,160.060
4113,160.073
4114,160.086
4115,160.099
4116,160.122
4117,160.135
4118,160.149
4119,160.162
4120,160.183
4121,160.198
4122,160.212
4123,160.238
4124,160.251
4125,160.264
4126,160.278
4127,160.291
4128,160.313
4129,160.330
4130,160.354
4131,160.384
4132,160.407
4133,160.426
4134,160.447
4135,160.477
4136,160.494
4137,160.506
4138,160.519
4139,160.530
4140,160.551
4141,160.602
4142,160.602
4143,160.605
4144,160.622
4145,160.643
4146,160.654
4147,160.695
4148,160.728
4149,160.748
4150,160.760
4151,160.773
4152,160.792
4153,160.828
4154,160.850
4155,160.894
4156,160.929
4157,160.949
4158,160.967
4159,160.984
4160,161.013
4161,161.032
4162,161.045
4163,161.059
4164,161.072
4165,161.093
4166,161.104
4167,161.115
4168,161.127
4169,161.138
4170,161.159
4171,161.171
4172,161.183
4173,161.194
4174,161.216
4175,161.229
4176,161.242
4177,161.263
4178,161.274
4179,161.286
4180,161.297
4181,161.318
4182,161.330
4183,161.342
4184,161.366
4185,161.385
4186,161.405
4187,161.439
4188,161.462
4189,161.480
4190,161.509
4191,161.559
4192,161.595
4193,161.616
4194,161.629
4195,161.642
4196,161.661
4197,161.694
4198,161.712
4199,161.745
4200,161.820
4201,161.833
4202,161.910
4203,161.922
4204,161.934
4205,161.945
4206,161.960
4207,161.983
4208,162.005
4209,162.034
4210,162.052
4211,162.070
4212,162.102
4213,162.139
4214,162.152
4215,162.164
4216,162.183
4217,162.216
4218,162.229
4219,162.249
4220,162.264
4221,162.276
4222,162.301
4223,162.315
4224,162.330
4225,162.345
4226,162.360
4227,162.373
4228,162.392
4229,162.433
4230,162.481
4231,162.503
4232,162.527
4233,162.561
4234,162.578
4235,162.596
4236,162.617
4237,162.640
4238,162.654
4239,162.676
4240,162.690
4241,162.703
4242,162.717
4243,162.737
4244,162.754
4245,162.773
4246,162.961
4247,162.990
4248,163.070
4249,163.093
4250,163.122
4251,163.338
4252,163.366
4253,163.552
4254,163.579
4255,163.661
4256,163.684
4257,163.702
4258,163.720
4259,163.738
4260,163.766
4261,163.803
4262,163.834
4263,163.862
4264,163.909
4265,163.926
4266,163.939
4267,163.952
4268,163.965
4269,164.053
4270,164.155
4271,164.251
4272,164.283
4273,164.366
4274,164.404
4275,164.424
4276,164.455
4277,164.561
4278,164.611
4279,164.696
4280,164.734
4281,164.754
4282,164.772
4283,164.785
4284,164.802
4285,164.820
4286,164.906
4287,165.000
4288,165.045
4289,165.060
4290,165.074
4291,165.102
4292,165.122
4293,165.143
4294,165.177
4295,165.198
4296,165.216
4297,165.247
4298,165.269
4299,165.282
4300,165.305
4301,165.318
4302,165.330
4303,165.342
4304,165.353
4305,165.365
4306,165.376
4307,165.397
4308,165.408
4309,165.419
4310,165.430
4311,165.441
4312,165.451
4313,165.462
4314,165.551
4315,165.570
4316,165.588
4317,165.677
4318,165.712
4319,165.731
4320,165.749
4321,165.776
4322,165.817
4323,165.842
4324,165.862
4325,165.873
4326,165.885
4327,165.896
4328,165.906
4329,165.919
4330,165.931
4331,165.942
4332,165.953
4333,165.964
4334,165.981
4335,165.993
4336,166.011
4337,166.021
4338,166.034
4339,166.055
4340,166.075
4341,166.087
4342,166.104
4343,166.116
4344,166.139
4345,166.160
4346,166.190
4347,166.214
4348,166.256
4349,166.286
4350,166.311
4351,166.340
4352,166.357
4353,166.377
4354,166.406
4355,166.594
4356,166.627
4357,166.691
4358,166.717
4359,166.744
4360,166.819
4361,166.865
4362,166.893
4363,166.915
4364,166.967
4365,166.994
4366,167.011
4367,167.030
4368,167.122
4369,167.220
4370,167.247
4371,167.324
4372,167.341
4373,167.360
4374,167.390
4375,167.418
4376,167.445
4377,167.541
4378,167.558
4379,167.576
4380,167.593
4381,167.676
4382,167.694
4383,167.711
4384,167.730
4385,167.748
4386,167.825
4387,167.843
4388,167.861
4389,167.879
4390,167.971
4391,168.069
4392,168.094
4393,168.123
4394,168.141
4395,168.230
4396,168.250
4397,168.268
4398,168.347
4399,168.370
4400,168.396
4401,168.408
4402,168.422
4403,168.434
4404,168.448
4405,168.459
4406,168.469
4407,168.480
4408,168.491
4409,168.509
4410,168.536
4411,168.563
4412,168.585
4413,168.605
4414,168.623
4415,168.642
4416,168.679
4417,168.698
4418,168.713
4419,168.726
4420,168.737
4421,168.749
4422,168.760
4423,168.781
4424,168.797
4425,168.811
4426,168.823
4427,168.833
4428,168.844
4429,168.858
4430,168.881
4431,168.897
4432,168.909
4433,168.921
4434,168.931
4435,168.941
4436,168.953
4437,168.973
4438,168.991
4439,169.013
4440,169.030
4441,169.049
4442,169.067
4443,169.084
4444,169.114
4445,169.139
4446,169.163
4447,169.207
4448,169.220
4449,169.233
4450,169.253
4451,169.266
4452,169.277
4453,169.295
4454,169.307
4455,169.320
4456,169.339
4457,169.353
4458,169.364
4459,169.383
4460,169.396
4461,169.408
4462,169.426
4463,169.438
4464,169.449
4465,169.480
4466,169.501
4467,169.520
4468,169.553
4469,169.569
4470,169.586
4471,169.617
4472,169.630
4473,169.643
4474,169.721
4475,169.734
4476,169.816
4477,169.829
4478,169.842
4479,169.856
4480,169.870
4481,169.884
4482,169.898
4483,169.910
4484,169.935
4485,169.948
4486,169.962
4487,169.986
4488,169.998
4489,170.010
4490,170.026
4491,170.045
4492,170.080
4493,170.102
4494,170.119
4495,170.152
4496,170.171
4497,170.186
4498,170.199
4499,170.221
4500,170.233
4501,170.246
4502,170.258
4503,170.281
4504,170.293
4505,170.306
4506,170.328
4507,170.340
4508,170.352
4509,170.375
4510,170.388
4511,170.399
4512,170.422
4513,170.433
4514,170.444
4515,170.455
4516,170.468
4517,170.479
4518,170.501
4519,170.519
4520,170.538
4521,170.572
4522,170.590
4523,170.607
4524,170.627
4525,170.648
4526,170.674
4527,170.687
4528,170.699
4529,170.718
4530,170.759
4531,170.792
4532,170.805
4533,170.825
4534,170.837
4535,170.849
4536,170.870
4537,170.903
4538,170.925
4539,170.957
4540,170.979
4541,170.991
4542,171.006
4543,171.037
4544,171.102
4545,171.149
4546,171.171
4547,171.192
4548,171.205
4549,171.217
4550,171.238
4551,171.272
4552,171.294
4553,171.328
4554,171.349
4555,171.362
4556,171.374
4557,171.413
4558,171.434
4559,171.447
4560,171.467
4561,171.503
4562,171.527
4563,171.546
4564,171.570
4565,171.614
4566,171.636
4567,171.659
4568,171.684
4569,171.699
4570,171.713
4571,171.734
4572,171.775
4573,171.815
4574,171.829
4575,171.843
4576,171.865
4577,171.877
4578,171.891
4579,171.906
4580,171.923
4581,171.936
4582,171.957
4583,171.970
4584,171.984
4585,171.998
4586,172.025
4587,172.046
4588,172.071
4589,172.096
4590,172.121
4591,172.143
4592,172.166
4593,172.189
4594,172.203
4595,172.218
4596,172.232
4597,172.255
4598,172.268
4599,172.283
4600,172.296
4601,172.309
4602,172.332
4603,172.345
4604,172.359
4605,172.383
4606,172.397
4607,172.410
4608,172.430
4609,172.470
4610,172.505
4611,172.528
4612,172.562
4613,172.583
4614,172.604
4615,172.639
4616,172.684
4617,172.706
4618,172.740
4619,172.763
4620,172.776
4621,172.790
4622,172.802
4623,172.825
4624,172.835
4625,172.847
4626,172.866
4627,172.899
4628,172.912
4629,172.925
4630,172.936
4631,172.947
4632,172.958
4633,172.976
4634,172.996
4635,173.018
4636,173.035
4637,173.053
4638,173.071
4639,173.088
4640,173.117
4641,173.142
4642,173.157
4643,173.168
4644,173.178
4645,173.189
4646,173.201
4647,173.221
4648,173.238
4649,173.251
4650,173.262
4651,173.273
4652,173.283
4653,173.294
4654,173.313
4655,173.331
4656,173.346
4657,173.358
4658,173.370
4659,173.381
4660,173.393
4661,173.417
4662,173.434
4663,173.455
4664,173.472
4665,173.490
4666,173.507
4667,173.525
4668,173.554
4669,173.581
4670,173.596
4671,173.607
4672,173.621
4673,173.633
4674,173.645
4675,173.667
4676,173.685
4677,173.755
4678,173.771
4679,173.843
4680,173.855
4681,173.867
4682,173.879
4683,173.891
4684,173.913
4685,173.931
4686,173.953
4687,174.008
4688,174.029
4689,174.051
4690,174.078
4691,174.100
4692,174.121
4693,174.143
4694,174.156
4695,174.168
4696,174.187
4697,174.200
4698,174.212
4699,174.232
4700,174.246
4701,174.257
4702,174.275
4703,174.288
4704,174.300
4705,174.318
4706,174.333
4707,174.346
4708,174.365
4709,174.378
4710,174.393
4711,174.404
4712,174.432
4713,174.445
4714,174.470
4715,174.493
4716,174.518
4717,174.540
4718,174.562
4719,174.586
4720,174.601
4721,174.618
4722,174.639
4723,174.661
4724,174.694
4725,174.709
4726,174.724
4727,174.745
4728,174.757
4729,174.772
4730,174.780
4731,174.791
4732,174.806
4733,174.822
4734,174.839
4735,174.922
4736,174.951
4737,175.172
4738,175.208
4739,175.318
4740,175.402
4741,175.433
4742,175.450
4743,175.471
4744,175.499
4745,175.517
4746,175.606
4747,175.749
4748,175.903
4749,176.025
4750,176.055
4751,176.076
4752,176.175
4753,176.207
4754,176.227
4755,176.247
4756,176.369
4757,176.405
4758,176.513
4759,176.556
4760,176.584
4761,176.605
4762,176.625
4763,176.710
4764,176.742
4765,176.826
4766,176.859
4767,176.878
4768,176.985
4769,177.079
4770,177.122
4771,177.153
4772,177.247
4773,177.287
4774,177.306
4775,177.330
4776,177.344
4777,177.358
4778,177.372
4779,177.386
4780,177.397
4781,177.409
4782,177.428
4783,177.466
4784,177.502
4785,177.521
4786,177.550
4787,177.567
4788,177.587
4789,177.632
4790,177.873
4791,177.904
4792,177.969
4793,177.996
4794,178.014
4795,178.071
4796,178.104
4797,178.121
4798,178.143
4799,178.170
4800,178.190
4801,178.203
4802,178.214
4803,178.234
4804,178.255
4805,178.285
4806,178.317
4807,178.345
4808,178.546
4809,178.572
4810,178.658
4811,178.675
4812,178.693
4813,178.883
4814,178.910
4815,179.026
4816,179.053
4817,179.080
4818,179.107
4819,179.125
4820,179.327
4821,179.354
4822,179.440
4823,179.537
4824,179.569
4825,179.587
4826,179.604
4827,179.638
4828,179.679
4829,179.734
4830,179.753
4831,179.782
4832,179.803
4833,179.816
4834,179.903
4835,179.918
4836,179.931
4837,180.015
4838,180.040
4839,180.120
4840,180.134
4841,180.146
4842,180.164
4843,180.196
4844,180.209
4845,180.230
4846,180.243
4847,180.256
4848,180.348
4849,180.372
4850,180.393
4851,180.492
4852,180.528
4853,180.609
4854,180.623
4855,180.636
4856,180.657
4857,180.690
4858,180.702
4859,180.723
4860,180.736
4861,180.747
4862,180.833
4863,180.848
4864,180.863
4865,180.947
4866,180.969
4867,181.053
4868,181.073
4869,181.096
4870,181.171
4871,181.212
4872,181.232
4873,181.322
4874,181.430
4875,181.521
4876,181.547
4877,181.649
4878,181.682
4879,181.702
4880,181.797
4881,181.845
4882,181.871
4883,181.898
4884,181.925
4885,182.008
4886,182.038
4887,182.125
4888,182.156
4889,182.176
4890,182.259
4891,182.284
4892,182.362
4893,182.388
4894,182.408
4895,182.528
4896,182.660
4897,182.757
4898,182.784
4899,182.885
4900,182.917
4901,182.938
4902,183.023
4903,183.053
4904,183.070
4905,183.088
4906,183.106
4907,183.215
4908,183.260
4909,183.365
4910,183.397
4911,183.415
4912,183.497
4913,183.523
4914,183.600
4915,183.628
4916,183.645
4917,183.737
4918,183.852
4919,183.979
4920,184.018
4921,184.137
4922,184.167
4923,184.187
4924,184.273
4925,184.300
4926,184.317
4927,184.334
4928,184.351
4929,184.436
4930,184.465
4931,184.553
4932,184.612
4933,184.641
4934,184.751
4935,184.787
4936,184.867
4937,184.879
4938,184.892
4939,184.904
4940,184.923
4941,184.962
4942,184.975
4943,184.989
4944,185.011
4945,185.026
4946,185.038
4947,185.123
4948,185.227
4949,185.273
4950,185.979
4951,186.004
4952,186.030
4953,186.058
4954,186.168
4955,186.302
4956,186.338
4957,186.352
4958,186.445
4959,186.479
4960,186.559
4961,187.150
4962,187.221
4963,187.245
4964,187.269
4965,187.356
4966,187.392
4967,187.421
4968,187.513
4969,187.546
4970,187.560
4971,187.655
4972,187.688
4973,187.809
4974,187.864
4975,187.972
4976,187.989
4977,188.008
4978,188.019
4979,188.039
4980,188.050
4981,188.061
4982,188.072
4983,188.082
4984,188.101
4985,188.112
4986,188.125
4987,188.137
4988,188.147
4989,188.160
4990,188.170
4991,188.180
4992,188.191
4993,188.203
4994,188.220
4995,188.238
4996,188.256
4997,188.284
4998,188.300
4999,188.381
5000,188.418
5001,188.508
5002,188.546
5003,188.720
5004,188.746
5005,188.829
5006,188.918
5007,189.120
5008,189.150
5009,189.295
5010,189.382
5011,189.413
5012,189.437
5013,189.454
5014,189.542
5015,189.643
5016,189.741
5017,189.772
5018,189.883
5019,189.926
5020,190.020
5021,190.042
5022,190.054
5023,190.128
5024,190.144
5025,190.222
5026,190.234
5027,190.246
5028,190.258
5029,190.269
5030,190.280
5031,190.291
5032,190.301
5033,190.312
5034,190.323
5035,190.342
5036,190.358
5037,190.375
5038,190.402
5039,190.420
5040,190.432
5041,190.464
5042,190.711
5043,190.741
5044,191.428
5045,191.466
5046,191.501
5047,191.538
5048,191.625
5049,191.655
5050,191.684
5051,191.768
5052,191.796
5053,191.810
5054,191.901
5055,191.930
5056,191.945
5057,192.026
5058,192.058
5059,192.072
5060,192.083
5061,192.190
5062,192.235
5063,192.253
5064,192.347
5065,192.360
5066,192.375
5067,192.401
5068,192.416
5069,192.427
5070,192.438
5071,192.452
5072,192.474
5073,192.489
5074,192.499
5075,192.509
5076,192.523
5077,192.547
5078,192.565
5079,192.575
5080,192.587
5081,192.599
5082,192.810
5083,192.859
5084,192.883
5085,192.982
5086,193.021
5087,193.033
5088,193.046
5089,193.064
5090,193.078
5091,193.090
5092,193.109
5093,193.121
5094,193.133
5095,193.148
5096,193.180
5097,193.211
5098,193.228
5099,193.241
5100,193.253
5101,193.270
5102,193.294
5103,193.310
5104,193.335
5105,193.354
5106,193.373
5107,193.391
5108,193.409
5109,193.523
5110,193.545
5111,193.631
5112,193.642
5113,193.654
5114,193.665
5115,193.679
5116,193.697
5117,193.714
5118,193.735
5119,193.761
5120,193.779
5121,193.797
5122,193.879
5123,194.066
5124,194.108
5125,194.201
5126,194.242
5127,194.262
5128,194.282
5129,194.382
5130,194.410
5131,194.499
5132,194.592
5133,194.623
5134,194.642
5135,194.740
5136,194.776
5137,194.892
5138,194.932
5139,195.134
5140,195.160
5141,195.178
5142,195.264
5143,195.293
5144,195.319
5145,195.337
5146,195.354
5147,195.372
5148,195.401
5149,195.431
5150,195.543
5151,195.662
5152,195.756
5153,195.843
5154,195.861
5155,195.878
5156,195.959
5157,196.140
5158,196.173
5159,196.257
5160,196.285
5161,196.310
5162,196.404
5163,196.586
5164,196.610
5165,196.680
5166,196.696
5167,196.712
5168,196.800
5169,197.007
5170,197.048
5171,197.130
5172,197.150
5173,197.169
5174,197.259
5175,197.292
5176,197.310
5177,197.392
5178,197.418
5179,197.445
5180,197.463
5181,197.491
5182,197.505
5183,197.518
5184,197.529
5185,197.541
5186,197.561
5187,197.599
5188,197.637
5189,197.657
5190,197.675
5191,197.698
5192,197.712
5193,197.725
5194,197.738
5195,197.750
5196,197.763
5197,197.787
5198,197.810
5199,197.823
5200,197.834
5201,197.845
5202,197.858
5203,197.870
5204,197.881
5205,197.894
5206,197.905
5207,197.929
5208,197.950
5209,197.962
5210,197.973
5211,197.985
5212,197.998
5213,198.010
5214,198.021
5215,198.031
5216,198.049
5217,198.083
5218,198.115
5219,198.136
5220,198.153
5221,198.169
5222,198.196
5223,198.236
5224,198.248
5225,198.260
5226,198.282
5227,198.333
5228,198.366
5229,198.389
5230,198.420
5231,198.439
5232,198.472
5233,198.484
5234,198.508
5235,198.548
5236,198.578
5237,198.683
5238,198.729
5239,198.819
5240,198.831
5241,198.842
5242,198.856
5243,198.868
5244,198.885
5245,198.915
5246,198.993
5247,199.090
5248,199.124
5249,199.137
5250,199.151
5251,199.166
5252,199.184
5253,199.210
5254,199.238
5255,199.288
5256,199.393
5257,199.524
5258,199.543
5259,199.641
5260,199.660
5261,199.765
5262,199.786
5263,199.866
5264,199.896
5265,200.005
5266,200.026
5267,200.127
5268,200.150
5269,200.168
5270,200.184
5271,200.204
5272,200.233
5273,200.245
5274,200.256
5275,200.267
5276,200.278
5277,200.289
5278,200.300
5279,200.312
5280,200.333
5281,200.345
5282,200.355
5283,200.366
5284,200.376
5285,200.388
5286,200.464
5287,200.495
5288,200.599
5289,200.619
5290,200.740
5291,200.772
5292,200.897
5293,200.924
5294,201.029
5295,201.047
5296,201.125
5297,201.153
5298,201.232
5299,201.260
5300,201.338
5301,201.367
5302,201.445
5303,201.473
5304,201.614
5305,201.647
5306,201.752
5307,201.765
5308,201.779
5309,201.792
5310,201.805
5311,201.819
5312,201.833
5313,201.846
5314,201.860
5315,201.874
5316,201.887
5317,201.901
5318,201.915
5319,201.929
5320,201.943
5321,201.956
5322,201.970
5323,202.033
5324,202.046
5325,202.061
5326,202.073
5327,202.163
5328,202.265
5329,202.306
5330,202.324
5331,202.354
5332,202.429
5333,202.456
5334,202.529
5335,202.559
5336,202.637
5337,202.666
5338,202.742
5339,202.771
5340,202.873
5341,202.917
5342,203.011
5343,203.041
5344,203.118
5345,203.148
5346,203.226
5347,203.331
5348,203.344
5349,203.436
5350,203.448
5351,203.540
5352,203.553
5353,203.664
5354,203.684
5355,203.800
5356,203.820
5357,203.914
5358,203.928
5359,204.020
5360,204.034
5361,204.112
5362,204.203
5363,204.231
5364,204.249
5365,204.276
5366,204.297
5367,204.309
5368,204.322
5369,204.334
5370,204.353
5371,204.375
5372,204.400
5373,204.421
5374,204.441
5375,204.461
5376,204.479
5377,204.492
5378,204.505
5379,204.517
5380,204.529
5381,204.542
5382,204.555
5383,204.568
5384,204.579
5385,204.601
5386,204.620
5387,204.637
5388,204.660
5389,204.673
5390,204.687
5391,204.699
5392,204.721
5393,204.733
5394,204.745
5395,204.759
5396,204.781
5397,204.804
5398,204.826
5399,204.848
5400,204.870
5401,204.892
5402,204.905
5403,204.918
5404,204.931
5405,204.944
5406,204.957
5407,204.970
5408,204.983
5409,204.997
5410,205.010
5411,205.024
5412,205.038
5413,205.050
5414,205.067
5415,205.083
5416,205.170
5417,205.264
5418,205.277
5419,205.297
5420,205.316
5421,205.350
5422,205.368
5423,205.384
5424,205.402
5425,205.428
5426,205.444
5427,205.526
5428,205.555
5429,205.641
5430,205.812
5431,205.840
5432,205.908
5433,205.922
5434,205.934
5435,205.950
5436,205.988
5437,206.017
5438,206.038
5439,206.056
5440,206.073
5441,206.105
5442,206.119
5443,206.131
5444,206.143
5445,206.160
5446,206.172
5447,206.260
5448,206.289
5449,206.372
5450,206.542
5451,206.567
5452,206.636
5453,206.656
5454,206.675
5455,206.702
5456,206.743
5457,206.825
5458,206.856
5459,206.869
5460,206.939
5461,207.026
5462,207.065
5463,207.141
5464,207.171
5465,207.251
5466,207.281
5467,207.295
5468,207.322
5469,207.369
5470,207.404
5471,207.430
5472,207.452
5473,207.466
5474,207.478
5475,207.536
5476,207.569
5477,207.628
5478,207.645
5479,207.658
5480,207.671
5481,207.684
5482,207.741
5483,207.777
5484,207.859
5485,207.893
5486,207.906
5487,208.003
5488,208.112
5489,208.152
5490,208.215
5491,208.254
5492,208.267
5493,208.281
5494,208.294
5495,208.308
5496,208.328
5497,208.371
5498,208.385
5499,208.398
5500,208.411
5501,208.426
5502,208.498
5503,208.530
5504,208.541
5505,208.645
5506,208.768
5507,208.808
5508,208.888
5509,208.921
5510,209.001
5511,209.035
5512,209.052
5513,209.066
5514,209.080
5515,209.093
5516,209.107
5517,209.121
5518,209.138
5519,209.169
5520,209.274
5521,209.318
5522,209.417
5523,209.447
5524,209.522
5525,209.550
5526,209.627
5527,209.659
5528,209.735
5529,209.766
5530,209.843
5531,209.873
5532,209.959
5533,210.004
5534,210.100
5535,210.138
5536,210.215
5537,210.244
5538,210.322
5539,210.417
5540,210.513
5541,210.605
5542,210.639
5543,210.653
5544,210.672
5545,210.772
5546,210.824
5547,210.911
5548,210.943
5549,210.956
5550,210.968
5551,211.048
5552,211.082
5553,211.159
5554,211.195
5555,211.209
5556,211.224
5557,211.239
5558,211.253
5559,211.266
5560,211.354
5561,211.483
5562,211.533
5563,211.549
5564,211.563
5565,211.576
5566,211.590
5567,211.614
5568,211.634
5569,211.652
5570,211.669
5571,211.699
5572,211.721
5573,211.738
5574,211.749
5575,211.762
5576,211.773
5577,211.796
5578,211.813
5579,211.829
5580,211.849
5581,211.899
5582,211.931
5583,211.949
5584,211.969
5585,211.995
5586,212.008
5587,212.021
5588,212.034
5589,212.049
5590,212.068
5591,212.097
5592,212.110
5593,212.129
5594,212.160
5595,212.175
5596,212.194
5597,212.224
5598,212.239
5599,212.260
5600,212.273
5601,212.288
5602,212.302
5603,212.318
5604,212.342
5605,212.365
5606,212.389
5607,212.409
5608,212.429
5609,212.450
5610,212.461
5611,212.541
5612,212.554
5613,212.566
5614,212.650
5615,212.683
5616,212.701
5617,212.722
5618,212.863
5619,212.997
5620,213.060
5621,213.230
5622,213.279
5623,213.299
5624,213.318
5625,213.338
5626,213.357
5627,213.469
5628,213.502
5629,213.522
5630,213.541
5631,213.679
5632,213.732
5633,213.841
5634,213.889
5635,213.911
5636,213.934
5637,213.967
5638,213.985
5639,214.093
5640,214.128
5641,214.147
5642,214.271
