boot,point,sha,corpus,run,clock,seconds
1787596281,p03,ed084329d6eef03d287aad4da3c13c2568515c5e,idemo,1,parsing,0.254251
1787596281,p03,ed084329d6eef03d287aad4da3c13c2568515c5e,idemo,1,analysis,0.738326
1787596281,p03,ed084329d6eef03d287aad4da3c13c2568515c5e,idemo,1,generation,0.015017
1787596281,p03,ed084329d6eef03d287aad4da3c13c2568515c5e,idemo,1,simplification,0.000392
1787596281,p03,ed084329d6eef03d287aad4da3c13c2568515c5e,idemo,1,formatting,0.000000
1787596281,p03,ed084329d6eef03d287aad4da3c13c2568515c5e,idemo,1,interaction,81.015354
1787596281,p03,ed084329d6eef03d287aad4da3c13c2568515c5e,idemo,1,checking,0.000000
1787596281,p03,ed084329d6eef03d287aad4da3c13c2568515c5e,idemo,1,fp_loading,0.000000
1787596281,p03,ed084329d6eef03d287aad4da3c13c2568515c5e,idemo,1,fp_saving,10.720710
1787596281,p03,ed084329d6eef03d287aad4da3c13c2568515c5e,idemo,1,fp_compute,0.582378
1787596281,p03,ed084329d6eef03d287aad4da3c13c2568515c5e,idemo,1,other,0.642232
1787596281,p03,ed084329d6eef03d287aad4da3c13c2568515c5e,idemo,1,total,93.968788
1787596281,p03,ed084329d6eef03d287aad4da3c13c2568515c5e,idemo,2,parsing,0.113751
1787596281,p03,ed084329d6eef03d287aad4da3c13c2568515c5e,idemo,2,analysis,0.598782
1787596281,p03,ed084329d6eef03d287aad4da3c13c2568515c5e,idemo,2,generation,0.015361
1787596281,p03,ed084329d6eef03d287aad4da3c13c2568515c5e,idemo,2,simplification,0.000276
1787596281,p03,ed084329d6eef03d287aad4da3c13c2568515c5e,idemo,2,formatting,0.000000
1787596281,p03,ed084329d6eef03d287aad4da3c13c2568515c5e,idemo,2,interaction,80.117833
1787596281,p03,ed084329d6eef03d287aad4da3c13c2568515c5e,idemo,2,checking,0.000000
1787596281,p03,ed084329d6eef03d287aad4da3c13c2568515c5e,idemo,2,fp_loading,0.000000
1787596281,p03,ed084329d6eef03d287aad4da3c13c2568515c5e,idemo,2,fp_saving,0.270529
1787596281,p03,ed084329d6eef03d287aad4da3c13c2568515c5e,idemo,2,fp_compute,0.564616
1787596281,p03,ed084329d6eef03d287aad4da3c13c2568515c5e,idemo,2,other,0.026092
1787596281,p03,ed084329d6eef03d287aad4da3c13c2568515c5e,idemo,2,total,81.707370
1787596281,p03,ed084329d6eef03d287aad4da3c13c2568515c5e,idemo,3,parsing,0.100964
1787596281,p03,ed084329d6eef03d287aad4da3c13c2568515c5e,idemo,3,analysis,0.611099
1787596281,p03,ed084329d6eef03d287aad4da3c13c2568515c5e,idemo,3,generation,0.015650
1787596281,p03,ed084329d6eef03d287aad4da3c13c2568515c5e,idemo,3,simplification,0.000251
1787596281,p03,ed084329d6eef03d287aad4da3c13c2568515c5e,idemo,3,formatting,0.000000
1787596281,p03,ed084329d6eef03d287aad4da3c13c2568515c5e,idemo,3,interaction,81.462423
1787596281,p03,ed084329d6eef03d287aad4da3c13c2568515c5e,idemo,3,checking,0.000000
1787596281,p03,ed084329d6eef03d287aad4da3c13c2568515c5e,idemo,3,fp_loading,0.000000
1787596281,p03,ed084329d6eef03d287aad4da3c13c2568515c5e,idemo,3,fp_saving,0.298717
1787596281,p03,ed084329d6eef03d287aad4da3c13c2568515c5e,idemo,3,fp_compute,0.576429
1787596281,p03,ed084329d6eef03d287aad4da3c13c2568515c5e,idemo,3,other,0.039767
1787596281,p03,ed084329d6eef03d287aad4da3c13c2568515c5e,idemo,3,total,83.105436
1787596281,p03,ed084329d6eef03d287aad4da3c13c2568515c5e,synth300,1,parsing,0.114074
1787596281,p03,ed084329d6eef03d287aad4da3c13c2568515c5e,synth300,1,analysis,2.538644
1787596281,p03,ed084329d6eef03d287aad4da3c13c2568515c5e,synth300,1,generation,0.024939
1787596281,p03,ed084329d6eef03d287aad4da3c13c2568515c5e,synth300,1,simplification,0.000317
1787596281,p03,ed084329d6eef03d287aad4da3c13c2568515c5e,synth300,1,formatting,0.000000
1787596281,p03,ed084329d6eef03d287aad4da3c13c2568515c5e,synth300,1,interaction,47.193479
1787596281,p03,ed084329d6eef03d287aad4da3c13c2568515c5e,synth300,1,checking,0.000000
1787596281,p03,ed084329d6eef03d287aad4da3c13c2568515c5e,synth300,1,fp_loading,0.000000
1787596281,p03,ed084329d6eef03d287aad4da3c13c2568515c5e,synth300,1,fp_saving,0.197737
1787596281,p03,ed084329d6eef03d287aad4da3c13c2568515c5e,synth300,1,fp_compute,0.285193
1787596281,p03,ed084329d6eef03d287aad4da3c13c2568515c5e,synth300,1,other,0.030320
1787596281,p03,ed084329d6eef03d287aad4da3c13c2568515c5e,synth300,1,total,50.384748
1787596281,p03,ed084329d6eef03d287aad4da3c13c2568515c5e,synth300,2,parsing,0.103849
1787596281,p03,ed084329d6eef03d287aad4da3c13c2568515c5e,synth300,2,analysis,2.412363
1787596281,p03,ed084329d6eef03d287aad4da3c13c2568515c5e,synth300,2,generation,0.026307
1787596281,p03,ed084329d6eef03d287aad4da3c13c2568515c5e,synth300,2,simplification,0.000352
1787596281,p03,ed084329d6eef03d287aad4da3c13c2568515c5e,synth300,2,formatting,0.000000
1787596281,p03,ed084329d6eef03d287aad4da3c13c2568515c5e,synth300,2,interaction,48.414281
1787596281,p03,ed084329d6eef03d287aad4da3c13c2568515c5e,synth300,2,checking,0.000000
1787596281,p03,ed084329d6eef03d287aad4da3c13c2568515c5e,synth300,2,fp_loading,0.000000
1787596281,p03,ed084329d6eef03d287aad4da3c13c2568515c5e,synth300,2,fp_saving,0.202264
1787596281,p03,ed084329d6eef03d287aad4da3c13c2568515c5e,synth300,2,fp_compute,0.255499
1787596281,p03,ed084329d6eef03d287aad4da3c13c2568515c5e,synth300,2,other,0.027232
1787596281,p03,ed084329d6eef03d287aad4da3c13c2568515c5e,synth300,2,total,51.442185
1787596281,p03,ed084329d6eef03d287aad4da3c13c2568515c5e,synth300,3,parsing,0.078140
1787596281,p03,ed084329d6eef03d287aad4da3c13c2568515c5e,synth300,3,analysis,2.544327
1787596281,p03,ed084329d6eef03d287aad4da3c13c2568515c5e,synth300,3,generation,0.027755
1787596281,p03,ed084329d6eef03d287aad4da3c13c2568515c5e,synth300,3,simplification,0.000327
1787596281,p03,ed084329d6eef03d287aad4da3c13c2568515c5e,synth300,3,formatting,0.000000
1787596281,p03,ed084329d6eef03d287aad4da3c13c2568515c5e,synth300,3,interaction,47.701837
1787596281,p03,ed084329d6eef03d287aad4da3c13c2568515c5e,synth300,3,checking,0.000000
1787596281,p03,ed084329d6eef03d287aad4da3c13c2568515c5e,synth300,3,fp_loading,0.000000
1787596281,p03,ed084329d6eef03d287aad4da3c13c2568515c5e,synth300,3,fp_saving,0.254868
1787596281,p03,ed084329d6eef03d287aad4da3c13c2568515c5e,synth300,3,fp_compute,0.268496
1787596281,p03,ed084329d6eef03d287aad4da3c13c2568515c5e,synth300,3,other,0.026391
1787596281,p03,ed084329d6eef03d287aad4da3c13c2568515c5e,synth300,3,total,50.902180
1787598948,p03,ed084329d6eef03d287aad4da3c13c2568515c5e,idemo,1,parsing,0.162932
1787598948,p03,ed084329d6eef03d287aad4da3c13c2568515c5e,idemo,1,analysis,0.719360
1787598948,p03,ed084329d6eef03d287aad4da3c13c2568515c5e,idemo,1,generation,0.014718
1787598948,p03,ed084329d6eef03d287aad4da3c13c2568515c5e,idemo,1,simplification,0.000401
1787598948,p03,ed084329d6eef03d287aad4da3c13c2568515c5e,idemo,1,formatting,0.000000
1787598948,p03,ed084329d6eef03d287aad4da3c13c2568515c5e,idemo,1,interaction,81.390095
1787598948,p03,ed084329d6eef03d287aad4da3c13c2568515c5e,idemo,1,checking,0.000000
1787598948,p03,ed084329d6eef03d287aad4da3c13c2568515c5e,idemo,1,fp_loading,0.000000
1787598948,p03,ed084329d6eef03d287aad4da3c13c2568515c5e,idemo,1,fp_saving,0.799062
1787598948,p03,ed084329d6eef03d287aad4da3c13c2568515c5e,idemo,1,fp_compute,0.582695
1787598948,p03,ed084329d6eef03d287aad4da3c13c2568515c5e,idemo,1,other,0.159472
1787598948,p03,ed084329d6eef03d287aad4da3c13c2568515c5e,idemo,1,total,83.828860
1787598948,p03,ed084329d6eef03d287aad4da3c13c2568515c5e,idemo,2,parsing,0.093952
1787598948,p03,ed084329d6eef03d287aad4da3c13c2568515c5e,idemo,2,analysis,0.580486
1787598948,p03,ed084329d6eef03d287aad4da3c13c2568515c5e,idemo,2,generation,0.015335
1787598948,p03,ed084329d6eef03d287aad4da3c13c2568515c5e,idemo,2,simplification,0.000277
1787598948,p03,ed084329d6eef03d287aad4da3c13c2568515c5e,idemo,2,formatting,0.000000
1787598948,p03,ed084329d6eef03d287aad4da3c13c2568515c5e,idemo,2,interaction,80.171436
1787598948,p03,ed084329d6eef03d287aad4da3c13c2568515c5e,idemo,2,checking,0.000000
1787598948,p03,ed084329d6eef03d287aad4da3c13c2568515c5e,idemo,2,fp_loading,0.000000
1787598948,p03,ed084329d6eef03d287aad4da3c13c2568515c5e,idemo,2,fp_saving,0.293028
1787598948,p03,ed084329d6eef03d287aad4da3c13c2568515c5e,idemo,2,fp_compute,0.567924
1787598948,p03,ed084329d6eef03d287aad4da3c13c2568515c5e,idemo,2,other,0.023778
1787598948,p03,ed084329d6eef03d287aad4da3c13c2568515c5e,idemo,2,total,81.746420
1787598948,p03,ed084329d6eef03d287aad4da3c13c2568515c5e,idemo,3,parsing,0.116499
1787598948,p03,ed084329d6eef03d287aad4da3c13c2568515c5e,idemo,3,analysis,0.591706
1787598948,p03,ed084329d6eef03d287aad4da3c13c2568515c5e,idemo,3,generation,0.014465
1787598948,p03,ed084329d6eef03d287aad4da3c13c2568515c5e,idemo,3,simplification,0.000249
1787598948,p03,ed084329d6eef03d287aad4da3c13c2568515c5e,idemo,3,formatting,0.000000
1787598948,p03,ed084329d6eef03d287aad4da3c13c2568515c5e,idemo,3,interaction,81.159723
1787598948,p03,ed084329d6eef03d287aad4da3c13c2568515c5e,idemo,3,checking,0.000000
1787598948,p03,ed084329d6eef03d287aad4da3c13c2568515c5e,idemo,3,fp_loading,0.000000
1787598948,p03,ed084329d6eef03d287aad4da3c13c2568515c5e,idemo,3,fp_saving,0.297696
1787598948,p03,ed084329d6eef03d287aad4da3c13c2568515c5e,idemo,3,fp_compute,0.668568
1787598948,p03,ed084329d6eef03d287aad4da3c13c2568515c5e,idemo,3,other,0.025597
1787598948,p03,ed084329d6eef03d287aad4da3c13c2568515c5e,idemo,3,total,82.874658
1787598948,p03,ed084329d6eef03d287aad4da3c13c2568515c5e,synth300,1,parsing,0.086869
1787598948,p03,ed084329d6eef03d287aad4da3c13c2568515c5e,synth300,1,analysis,2.626210
1787598948,p03,ed084329d6eef03d287aad4da3c13c2568515c5e,synth300,1,generation,0.027456
1787598948,p03,ed084329d6eef03d287aad4da3c13c2568515c5e,synth300,1,simplification,0.000335
1787598948,p03,ed084329d6eef03d287aad4da3c13c2568515c5e,synth300,1,formatting,0.000000
1787598948,p03,ed084329d6eef03d287aad4da3c13c2568515c5e,synth300,1,interaction,46.805617
1787598948,p03,ed084329d6eef03d287aad4da3c13c2568515c5e,synth300,1,checking,0.000000
1787598948,p03,ed084329d6eef03d287aad4da3c13c2568515c5e,synth300,1,fp_loading,0.000000
1787598948,p03,ed084329d6eef03d287aad4da3c13c2568515c5e,synth300,1,fp_saving,0.247414
1787598948,p03,ed084329d6eef03d287aad4da3c13c2568515c5e,synth300,1,fp_compute,0.255591
1787598948,p03,ed084329d6eef03d287aad4da3c13c2568515c5e,synth300,1,other,0.027884
1787598948,p03,ed084329d6eef03d287aad4da3c13c2568515c5e,synth300,1,total,50.077413
1787598948,p03,ed084329d6eef03d287aad4da3c13c2568515c5e,synth300,2,parsing,0.103756
1787598948,p03,ed084329d6eef03d287aad4da3c13c2568515c5e,synth300,2,analysis,2.391502
1787598948,p03,ed084329d6eef03d287aad4da3c13c2568515c5e,synth300,2,generation,0.025620
1787598948,p03,ed084329d6eef03d287aad4da3c13c2568515c5e,synth300,2,simplification,0.000396
1787598948,p03,ed084329d6eef03d287aad4da3c13c2568515c5e,synth300,2,formatting,0.000000
1787598948,p03,ed084329d6eef03d287aad4da3c13c2568515c5e,synth300,2,interaction,49.078708
1787598948,p03,ed084329d6eef03d287aad4da3c13c2568515c5e,synth300,2,checking,0.000000
1787598948,p03,ed084329d6eef03d287aad4da3c13c2568515c5e,synth300,2,fp_loading,0.000000
1787598948,p03,ed084329d6eef03d287aad4da3c13c2568515c5e,synth300,2,fp_saving,0.195227
1787598948,p03,ed084329d6eef03d287aad4da3c13c2568515c5e,synth300,2,fp_compute,0.264148
1787598948,p03,ed084329d6eef03d287aad4da3c13c2568515c5e,synth300,2,other,0.025692
1787598948,p03,ed084329d6eef03d287aad4da3c13c2568515c5e,synth300,2,total,52.085085
1787598948,p03,ed084329d6eef03d287aad4da3c13c2568515c5e,synth300,3,parsing,0.080875
1787598948,p03,ed084329d6eef03d287aad4da3c13c2568515c5e,synth300,3,analysis,2.476727
1787598948,p03,ed084329d6eef03d287aad4da3c13c2568515c5e,synth300,3,generation,0.028200
1787598948,p03,ed084329d6eef03d287aad4da3c13c2568515c5e,synth300,3,simplification,0.000336
1787598948,p03,ed084329d6eef03d287aad4da3c13c2568515c5e,synth300,3,formatting,0.000000
1787598948,p03,ed084329d6eef03d287aad4da3c13c2568515c5e,synth300,3,interaction,48.020149
1787598948,p03,ed084329d6eef03d287aad4da3c13c2568515c5e,synth300,3,checking,0.000000
1787598948,p03,ed084329d6eef03d287aad4da3c13c2568515c5e,synth300,3,fp_loading,0.000000
1787598948,p03,ed084329d6eef03d287aad4da3c13c2568515c5e,synth300,3,fp_saving,0.186365
1787598948,p03,ed084329d6eef03d287aad4da3c13c2568515c5e,synth300,3,fp_compute,0.265586
1787598948,p03,ed084329d6eef03d287aad4da3c13c2568515c5e,synth300,3,other,0.027506
1787598948,p03,ed084329d6eef03d287aad4da3c13c2568515c5e,synth300,3,total,51.085792
