boot,point,ref,run,ms,rc,reproved
1787372420,c00,4600b24,1,8831,0,1500
1787372420,c00,4600b24,2,9021,0,1500
1787372420,c00,4600b24,3,8779,0,1500
1787372420,c05,a0ed498,1,8944,0,1500
1787372420,c05,a0ed498,2,9235,0,1500
1787372420,c05,a0ed498,3,8839,0,1500
1787372420,c06,cb9ce43,1,5909,0,1500
1787372420,c06,cb9ce43,2,6108,0,1500
1787372420,c06,cb9ce43,3,5937,0,1500
1787372420,c07,0e47a7e,1,4156,0,1500
1787372420,c07,0e47a7e,2,4072,0,1500
1787372420,c07,0e47a7e,3,4043,0,1500
1787372420,c09,be2cb6b,1,3778,0,1500
1787372420,c09,be2cb6b,2,3784,0,1500
1787372420,c09,be2cb6b,3,3858,0,1500
1787372420,c12,991239f,1,2907,0,1500
1787372420,c12,991239f,2,2906,0,1500
1787372420,c12,991239f,3,2882,0,1500
1787372420,c13,b70585f,1,2797,0,1500
1787372420,c13,b70585f,2,2935,0,1500
1787372420,c13,b70585f,3,2907,0,1500
1787372420,c14,ba1df8c,1,3005,0,1500
1787372420,c14,ba1df8c,2,2950,0,1500
1787372420,c14,ba1df8c,3,2922,0,1500
1787372420,c15,809b30e,1,2888,0,1500
1787372420,c15,809b30e,2,3097,0,1500
1787372420,c15,809b30e,3,2869,0,1500
1787372420,c16,393164e,1,2757,0,1500
1787372420,c16,393164e,2,2773,0,1500
1787372420,c16,393164e,3,2804,0,1500
1787372420,c17,690a261,1,2805,0,1500
1787372420,c17,690a261,2,2764,0,1500
1787372420,c17,690a261,3,2965,0,1500
1787372420,c18,9a08f81,1,2677,0,1500
1787372420,c18,9a08f81,2,2607,0,1500
1787372420,c18,9a08f81,3,2572,0,1500
1787372420,c19,4e3ec9f,1,2633,0,1500
1787372420,c19,4e3ec9f,2,2570,0,1500
1787372420,c19,4e3ec9f,3,2502,0,1500
1787372420,c20,fba0670,1,2540,0,1500
1787372420,c20,fba0670,2,2518,0,1500
1787372420,c20,fba0670,3,2545,0,1500
1787372420,c21,3525625,1,2644,0,1500
1787372420,c21,3525625,2,2655,0,1500
1787372420,c21,3525625,3,2800,0,1500
1787372420,c22,16becd8,1,2638,0,1500
1787372420,c22,16becd8,2,2777,0,1500
1787372420,c22,16becd8,3,2648,0,1500
1787372420,c23,abf13ea,1,2647,0,1500
1787372420,c23,abf13ea,2,2788,0,1500
1787372420,c23,abf13ea,3,2673,0,1500
1787372420,c24,1d1b05a,1,2652,0,1500
1787372420,c24,1d1b05a,2,2822,0,1500
1787372420,c24,1d1b05a,3,2559,0,1500
1787372420,c25,2c2b318,1,2643,0,1500
1787372420,c25,2c2b318,2,2545,0,1500
1787372420,c25,2c2b318,3,2541,0,1500
1787372420,c26,bd0ecd1,1,2463,0,1500
1787372420,c26,bd0ecd1,2,2477,0,1500
1787372420,c26,bd0ecd1,3,2455,0,1500
1787372420,v1,perf-order-v1,1,6073,0,1500
1787372420,v1,perf-order-v1,2,5952,0,1500
1787372420,v1,perf-order-v1,3,6251,0,1500
1787372420,v2,perf-order-v2,1,4068,0,1500
1787372420,v2,perf-order-v2,2,3915,0,1500
1787372420,v2,perf-order-v2,3,4044,0,1500
1787372420,v3,perf-order-v3,1,3078,0,1500
1787372420,v3,perf-order-v3,2,3138,0,1500
1787372420,v3,perf-order-v3,3,3104,0,1500
