boot,point,ref,run,ms,rc,proved,failed,trivial
1787374614,c00,4600b24,1,1800641,124,909,0,2592
1787374614,c05,a0ed498,1,1800656,124,925,0,2636
1787374614,c06,cb9ce43,1,1800070,124,929,0,2649
1787374614,c07,0e47a7e,1,144577,0,975,0,2799
1787374614,c07,0e47a7e,2,143305,0,975,0,2799
1787374614,c09,be2cb6b,1,142593,0,975,0,2799
1787374614,c09,be2cb6b,2,143639,0,975,0,2799
1787374614,c12,991239f,1,35158,0,975,0,2799
1787374614,c12,991239f,2,34022,0,975,0,2799
1787374614,c13,b70585f,1,34226,0,975,0,2799
1787374614,c13,b70585f,2,33289,0,975,0,2799
1787374614,c14,ba1df8c,1,33276,0,975,0,2799
1787374614,c14,ba1df8c,2,33916,0,975,0,2799
1787374614,c15,809b30e,1,31748,0,975,0,2799
1787374614,c15,809b30e,2,33372,0,975,0,2799
1787374614,c16,393164e,1,33304,0,975,0,2799
1787374614,c16,393164e,2,33342,0,975,0,2799
1787374614,c17,690a261,1,32652,0,975,0,2799
1787374614,c17,690a261,2,32615,0,975,0,2799
1787374614,c18,9a08f81,1,31616,0,975,0,2799
1787374614,c18,9a08f81,2,31614,0,975,0,2799
1787374614,c19,4e3ec9f,1,31655,0,975,0,2799
1787374614,c19,4e3ec9f,2,31401,0,975,0,2799
1787374614,c20,fba0670,1,30577,0,975,0,2799
1787374614,c20,fba0670,2,30818,0,975,0,2799
1787374614,c21,3525625,1,31616,0,975,0,2799
1787374614,c21,3525625,2,32642,0,975,0,2799
1787374614,c22,16becd8,1,31582,0,975,0,2799
1787374614,c22,16becd8,2,30401,0,975,0,2799
1787374614,c23,abf13ea,1,31447,0,975,0,2799
1787374614,c23,abf13ea,2,30024,0,975,0,2799
1787374614,c24,1d1b05a,1,30540,0,975,0,2799
1787374614,c24,1d1b05a,2,30431,0,975,0,2799
1787374614,c25,2c2b318,1,30598,0,975,0,2799
1787374614,c25,2c2b318,2,30592,0,975,0,2799
1787374614,c26,bd0ecd1,1,30229,0,975,0,2799
1787374614,c26,bd0ecd1,2,30504,0,975,0,2799
1787374614,v1,perf-order-v1,1,1800326,124,888,0,2532
1787374614,v2,perf-order-v2,1,145140,0,975,0,2799
1787374614,v2,perf-order-v2,2,146859,0,975,0,2799
1787374614,v3,perf-order-v3,1,34717,0,975,0,2799
1787374614,v3,perf-order-v3,2,34791,0,975,0,2799
